{
	"InputArmors": {
		"ArmorEditorIDs": [
			"300ArmorIronAltmerCuirassLight",
			"300ArmorIronAltmerCuirass",
			"300ArmorIronBasicCuirass",
			"300ArmorIronBasicCuirassPlate",
			"300ArmorIronBladesCuirass",
			"300ArmorIronDremoraCuirass",
			"300ArmorIronDunmerCuirass",
			"300ArmorIronDunmerMailCuirass",
			"300ArmorIronDwemerCuirass",
			"300ArmorIronImperialCuirass",
			"300ArmorIronNordicCuirass",
			"300ArmorIronNordicBCuirass",
			"300ArmorIronNordicPlateCuirass",
			"300ArmorIronOrcishCuirass",
			"300ArmorIronOrnateCuirass",
			"300DLC2ArmorIronSkaalCuirass",
			
			
			"300ArmorSteelAltmerCuirassLight",
			"300ArmorSteelAltmerCuirass",
			"300ArmorSteelBasicCuirass",
			"300ArmorSteelBasicCuirassPlate",
			"300ArmorSteelBladesCuirass",
			"300ArmorSteelDremoraCuirass",
			"300ArmorSteelDunmerCuirass",
			"300ArmorSteelDunmerMailCuirass",
			"300ArmorSteelDwemerCuirass",
			"300ArmorSteelImperialCuirass",
			"300ArmorSteelNordicCuirass",
			"300ArmorSteelNordicBCuirass",
			"300ArmorSteelNordicPlateCuirass",
			"300ArmorSteelOrcishCuirass",
			"300ArmorSteelOrnateCuirass",
			"300DLC2ArmorSteelSkaalCuirass",
			
			
			"300ArmorMoonstoneAltmerCuirassLight",
			"300ArmorMoonstoneAltmerCuirass",
			"300ArmorMoonstoneBasicCuirass",
			"300ArmorMoonstoneBasicCuirassPlate",
			"300ArmorMoonstoneBladesCuirass",
			"300ArmorMoonstoneDremoraCuirass",
			"300ArmorMoonstoneDunmerCuirass",
			"300ArmorMoonstoneDunmerMailCuirass",
			"300ArmorMoonstoneDwemerCuirass",
			"300ArmorMoonstoneImperialCuirass",
			"300ArmorMoonstoneNordicCuirass",
			"300ArmorMoonstoneNordicBCuirass",
			"300ArmorMoonstoneNordicPlateCuirass",
			"300ArmorMoonstoneOrcishCuirass",
			"300ArmorMoonstoneOrnateCuirass",
			"300DLC2ArmorMoonstoneSkaalCuirass",
			
			
			"300ArmorDwarvenAltmerCuirassLight",
			"300ArmorDwarvenAltmerCuirass",
			"300ArmorDwarvenBasicCuirass",
			"300ArmorDwarvenBasicCuirassPlate",
			"300ArmorDwarvenBladesCuirass",
			"300ArmorDwarvenDremoraCuirass",
			"300ArmorDwarvenDunmerCuirass",
			"300ArmorDwarvenDunmerMailCuirass",
			"300ArmorDwarvenDwemerCuirass",
			"300ArmorDwarvenImperialCuirass",
			"300ArmorDwarvenNordicCuirass",
			"300ArmorDwarvenNordicBCuirass",
			"300ArmorDwarvenNordicPlateCuirass",
			"300ArmorDwarvenOrcishCuirass",
			"300ArmorDwarvenOrnateCuirass",
			"300DLC2ArmorDwarvenSkaalCuirass",
			
			
			"300ArmorSilverAltmerCuirassLight",
			"300ArmorSilverAltmerCuirass",
			"300ArmorSilverBasicCuirass",
			"300ArmorSilverBasicCuirassPlate",
			"300ArmorSilverBladesCuirass",
			"300ArmorSilverDremoraCuirass",
			"300ArmorSilverDunmerCuirass",
			"300ArmorSilverDunmerMailCuirass",
			"300ArmorSilverDwemerCuirass",
			"300ArmorSilverImperialCuirass",
			"300ArmorSilverNordicCuirass",
			"300ArmorSilverNordicBCuirass",
			"300ArmorSilverNordicPlateCuirass",
			"300ArmorSilverOrcishCuirass",
			"300ArmorSilverOrnateCuirass",
			"300DLC2ArmorSilverSkaalCuirass",
			
			
			"300ArmorGlassAltmerCuirassLight",
			"300ArmorGlassAltmerCuirass",
			"300ArmorGlassBasicCuirass",
			"300ArmorGlassBasicCuirassPlate",
			"300ArmorGlassBladesCuirass",
			"300ArmorGlassDremoraCuirass",
			"300ArmorGlassDunmerCuirass",
			"300ArmorGlassDunmerMailCuirass",
			"300ArmorGlassDwemerCuirass",
			"300ArmorGlassImperialCuirass",
			"300ArmorGlassNordicCuirass",
			"300ArmorGlassNordicBCuirass",
			"300ArmorGlassNordicPlateCuirass",
			"300ArmorGlassOrcishCuirass",
			"300ArmorGlassOrnateCuirass",
			"300DLC2ArmorGlassSkaalCuirass",
			
			
			"300ArmorEbonyAltmerCuirassLight",
			"300ArmorEbonyAltmerCuirass",
			"300ArmorEbonyBasicCuirass",
			"300ArmorEbonyBasicCuirassPlate",
			"300ArmorEbonyBladesCuirass",
			"300ArmorEbonyDremoraCuirass",
			"300ArmorEbonyDunmerCuirass",
			"300ArmorEbonyDunmerMailCuirass",
			"300ArmorEbonyDwemerCuirass",
			"300ArmorEbonyImperialCuirass",
			"300ArmorEbonyNordicCuirass",
			"300ArmorEbonyNordicBCuirass",
			"300ArmorEbonyNordicPlateCuirass",
			"300ArmorEbonyOrcishCuirass",
			"300ArmorEbonyOrnateCuirass",
			"300DLC2ArmorEbonySkaalCuirass",
			"300ArmorALTEbonyAltmerCuirassLight",
			"300ArmorALTEbonyAltmerCuirass",
			"300ArmorALTEbonyBasicCuirass",
			"300ArmorALTEbonyBasicCuirassPlate",
			"300ArmorALTEbonyBladesCuirass",
			"300ArmorALTEbonyDremoraCuirass",
			"300ArmorALTEbonyDunmerCuirass",
			"300ArmorALTEbonyDunmerMailCuirass",
			"300ArmorALTEbonyDwemerCuirass",
			"300ArmorALTEbonyImperialCuirass",
			"300ArmorALTEbonyNordicCuirass",
			"300ArmorALTEbonyNordicBCuirass",
			"300ArmorALTEbonyNordicPlateCuirass",
			"300ArmorALTEbonyOrcishCuirass",
			"300ArmorALTEbonyOrnateCuirass",
			"300DLC2ArmorALTEbonySkaalCuirass",
		],
		
		"LeveledListPrefix": "SublistEnchArmorCuirassHeavy_",
		"LeveledListSuffix": "_03",
		
		"Enchantments": [
			{
				"EditorID": "EnchArmorFortifyAlteration03",
				"Suffix": " of Major Alteration"
			},
			{
				"EditorID": "EnchArmorFortifyConjuration03",
				"Suffix": " of Major Conjuration"
			},
			{
				"EditorID": "EnchArmorFortifyDestruction03",
				"Suffix": " of Major Destruction"
			},
			{
				"EditorID": "EnchArmorFortifyIllusion03",
				"Suffix": " of Major Illusion"
			},
			{
				"EditorID": "EnchArmorFortifyRestoration03",
				"Suffix": " of Major Restoration"
			},
			{
				"EditorID": "EnchArmorFortifyMagicka03",
				"Suffix": " of Major Magicka"
			},
			{
				"EditorID": "EnchArmorFortifyStamina03",
				"Suffix": " of Major Stamina"
			},
			{
				"EditorID": "EnchArmorFortifyHealth03",
				"Suffix": " of Major Health"
			},
			{
				"EditorID": "EnchArmorFortifyHeavyArmor03",
				"Suffix": " of the Major Knight"
			}
		]
	}
}

