{
	"InputArmors": {
		"ArmorEditorIDs": [
			"300ArmorIronAltmerCuirassLight",
			"300ArmorIronAltmerCuirass",
			"300ArmorIronBasicCuirass",
			"300ArmorIronBasicCuirassPlate",
			"300ArmorIronBladesCuirass",
			"300ArmorIronDremoraCuirass",
			"300ArmorIronDunmerCuirass",
			"300ArmorIronDunmerMailCuirass",
			"300ArmorIronDwemerCuirass",
			"300ArmorIronImperialCuirass",
			"300ArmorIronNordicCuirass",
			"300ArmorIronNordicBCuirass",
			"300ArmorIronNordicPlateCuirass",
			"300ArmorIronOrcishCuirass",
			"300ArmorIronOrnateCuirass",
			"300DLC2ArmorIronSkaalCuirass",
			
			
			"300ArmorSteelAltmerCuirassLight",
			"300ArmorSteelAltmerCuirass",
			"300ArmorSteelBasicCuirass",
			"300ArmorSteelBasicCuirassPlate",
			"300ArmorSteelBladesCuirass",
			"300ArmorSteelDremoraCuirass",
			"300ArmorSteelDunmerCuirass",
			"300ArmorSteelDunmerMailCuirass",
			"300ArmorSteelDwemerCuirass",
			"300ArmorSteelImperialCuirass",
			"300ArmorSteelNordicCuirass",
			"300ArmorSteelNordicBCuirass",
			"300ArmorSteelNordicPlateCuirass",
			"300ArmorSteelOrcishCuirass",
			"300ArmorSteelOrnateCuirass",
			"300DLC2ArmorSteelSkaalCuirass",
			
			
			"300ArmorOrichalcumAltmerCuirassLight",
			"300ArmorOrichalcumAltmerCuirass",
			"300ArmorOrichalcumBasicCuirass",
			"300ArmorOrichalcumBasicCuirassPlate",
			"300ArmorOrichalcumBladesCuirass",
			"300ArmorOrichalcumDremoraCuirass",
			"300ArmorOrichalcumDunmerCuirass",
			"300ArmorOrichalcumDunmerMailCuirass",
			"300ArmorOrichalcumDwemerCuirass",
			"300ArmorOrichalcumImperialCuirass",
			"300ArmorOrichalcumNordicCuirass",
			"300ArmorOrichalcumNordicBCuirass",
			"300ArmorOrichalcumNordicPlateCuirass",
			"300ArmorOrichalcumOrcishCuirass",
			"300ArmorOrichalcumOrnateCuirass",
			"300DLC2ArmorOrichalcumSkaalCuirass",
			
			
			"300ArmorMoonstoneAltmerCuirassLight",
			"300ArmorMoonstoneAltmerCuirass",
			"300ArmorMoonstoneBasicCuirass",
			"300ArmorMoonstoneBasicCuirassPlate",
			"300ArmorMoonstoneBladesCuirass",
			"300ArmorMoonstoneDremoraCuirass",
			"300ArmorMoonstoneDunmerCuirass",
			"300ArmorMoonstoneDunmerMailCuirass",
			"300ArmorMoonstoneDwemerCuirass",
			"300ArmorMoonstoneImperialCuirass",
			"300ArmorMoonstoneNordicCuirass",
			"300ArmorMoonstoneNordicBCuirass",
			"300ArmorMoonstoneNordicPlateCuirass",
			"300ArmorMoonstoneOrcishCuirass",
			"300ArmorMoonstoneOrnateCuirass",
			"300DLC2ArmorMoonstoneSkaalCuirass",
		],
		
		"LeveledListPrefix": "SublistEnchArmorCuirassHeavy_",
		"LeveledListSuffix": "_02",
		
		"Enchantments": [
			{
				"EditorID": "EnchArmorFortifyAlteration02",
				"Suffix": " of Alteration"
			},
			{
				"EditorID": "EnchArmorFortifyConjuration02",
				"Suffix": " of Conjuration"
			},
			{
				"EditorID": "EnchArmorFortifyDestruction02",
				"Suffix": " of Destruction"
			},
			{
				"EditorID": "EnchArmorFortifyIllusion02",
				"Suffix": " of Illusion"
			},
			{
				"EditorID": "EnchArmorFortifyRestoration02",
				"Suffix": " of Restoration"
			},
			{
				"EditorID": "EnchArmorFortifyMagicka02",
				"Suffix": " of Magicka"
			},
			{
				"EditorID": "EnchArmorFortifyStamina02",
				"Suffix": " of Stamina"
			},
			{
				"EditorID": "EnchArmorFortifyHealth02",
				"Suffix": " of Health"
			},
			{
				"EditorID": "EnchArmorFortifyHeavyArmor02",
				"Suffix": " of the Knight"
			}
		]
	}
}

