{
	"InputArmors": {
		"ArmorEditorIDs": [
			"300ArmorIronAltmerShield",
			"300ArmorIronOrnateShield",
			"300ArmorIronOrcishShield",
			"300ArmorIronNordicShield",
			"300ArmorIronImperialShield",
			"300ArmorIronImperialLightShield",
			"300ArmorIronHideShield",
			"300ArmorIronDunmerShield",
			"300ArmorIronDremoraShield",
			"300ArmorIronBladesShield",
			"300ArmorIronBasicShieldHeavy",
			"300ArmorIronBasicShield",
			"300ArmorIronDwemerShield",
			"300DLC2ArmorIronSkaalShield",
			
			
			"300ArmorSteelAltmerShield",
			"300ArmorSteelOrnateShield",
			"300ArmorSteelOrcishShield",
			"300ArmorSteelNordicShield",
			"300ArmorSteelImperialShield",
			"300ArmorSteelImperialLightShield",
			"300ArmorSteelHideShield",
			"300ArmorSteelDunmerShield",
			"300ArmorSteelDremoraShield",
			"300ArmorSteelBladesShield",
			"300ArmorSteelBasicShieldHeavy",
			"300ArmorSteelBasicShield",
			"300ArmorSteelDwemerShield",
			"300DLC2ArmorSteelSkaalShield",
		],
		
		"LeveledListPrefix": "SublistEnchArmorShield_",
		"LeveledListSuffix": "_01",
		
		"Enchantments": [
			{
				"EditorID": "EnchArmorResistFire01",
				"Suffix": " of Resist Fire"
			},
			{
				"EditorID": "EnchArmorResistFrost01",
				"Suffix": " of Resist Frost"
			},
			{
				"EditorID": "EnchArmorResistShock01",
				"Suffix": " of Resist Shock"
			},
			{
				"EditorID": "EnchArmorFortifyBlock01",
				"Suffix": " of Minor Blocking"
			},
			{
				"EditorID": "EnchArmorResistMagic01",
				"Suffix": " of Resist Magic"
			}
		]
	}
}

