{
	"InputArmors": {
		"ArmorEditorIDs": [
			"300ArmorIronBasicBoots",
			"300ArmorIronAltmerBoots",
			"300ArmorIronAncientBoots",
			"300ArmorIronBladesBoots",
			"300ArmorIronDunmerBoots",
			"300ArmorIronDremoraBoots",
			"300ArmorIronDwemerBoots",
			"300ArmorIronImperialBoots",
			"300ArmorIronNordicBoots",
			"300ArmorIronNordicPlateBoots",
			"300ArmorIronOrcishBoots",
			"300ArmorIronOrnateBoots",
			"300DLC2ArmorIronSkaalBoots",
			
			
			"300ArmorSteelBasicBoots",
			"300ArmorSteelAltmerBoots",
			"300ArmorSteelAncientBoots",
			"300ArmorSteelBladesBoots",
			"300ArmorSteelDunmerBoots",
			"300ArmorSteelDremoraBoots",
			"300ArmorSteelDwemerBoots",
			"300ArmorSteelImperialBoots",
			"300ArmorSteelNordicBoots",
			"300ArmorSteelNordicPlateBoots",
			"300ArmorSteelOrcishBoots",
			"300ArmorSteelOrnateBoots",
			"300DLC2ArmorSteelSkaalBoots"
		],
		
		"LeveledListPrefix": "SublistEnchArmorBootsHeavy_",
		"LeveledListSuffix": "_01",
		
		"Enchantments": [
			{
				"EditorID": "EnchArmorFortifyStamina01",
				"Suffix": " of Minor Stamina"
			},
			{
				"EditorID": "EnchArmorFortifyCarry01",
				"Suffix": " of Lifting"
			},
			{
				"EditorID": "EnchArmorResistFire01",
				"Suffix": " of Resist Fire"
			},
			{
				"EditorID": "EnchArmorResistFrost01",
				"Suffix": " of Resist Frost"
			},
			{
				"EditorID": "EnchArmorResistShock01",
				"Suffix": " of Resist Shock"
			}
		]
	}
}

