{
	"InputArmors": {
		"ArmorEditorIDs": [
			"300ArmorIronAltmerShield",
			"300ArmorIronOrnateShield",
			"300ArmorIronOrcishShield",
			"300ArmorIronNordicShield",
			"300ArmorIronImperialShield",
			"300ArmorIronImperialLightShield",
			"300ArmorIronHideShield",
			"300ArmorIronDunmerShield",
			"300ArmorIronDremoraShield",
			"300ArmorIronBladesShield",
			"300ArmorIronBasicShieldHeavy",
			"300ArmorIronBasicShield",
			"300ArmorIronDwemerShield",
			"300DLC2ArmorIronSkaalShield",
			
			
			"300ArmorSteelAltmerShield",
			"300ArmorSteelOrnateShield",
			"300ArmorSteelOrcishShield",
			"300ArmorSteelNordicShield",
			"300ArmorSteelImperialShield",
			"300ArmorSteelImperialLightShield",
			"300ArmorSteelHideShield",
			"300ArmorSteelDunmerShield",
			"300ArmorSteelDremoraShield",
			"300ArmorSteelBladesShield",
			"300ArmorSteelBasicShieldHeavy",
			"300ArmorSteelBasicShield",
			"300ArmorSteelDwemerShield",
			"300DLC2ArmorSteelSkaalShield",
			
			
			"300ArmorOrichalcumAltmerShield",
			"300ArmorOrichalcumOrnateShield",
			"300ArmorOrichalcumOrcishShield",
			"300ArmorOrichalcumNordicShield",
			"300ArmorOrichalcumImperialShield",
			"300ArmorOrichalcumImperialLightShield",
			"300ArmorOrichalcumHideShield",
			"300ArmorOrichalcumDunmerShield",
			"300ArmorOrichalcumDremoraShield",
			"300ArmorOrichalcumBladesShield",
			"300ArmorOrichalcumBasicShieldHeavy",
			"300ArmorOrichalcumBasicShield",
			"300ArmorOrichalcumDwemerShield",
			"300DLC2ArmorOrichalcumSkaalShield",
			
			
			"300ArmorMoonstoneAltmerShield",
			"300ArmorMoonstoneOrnateShield",
			"300ArmorMoonstoneOrcishShield",
			"300ArmorMoonstoneNordicShield",
			"300ArmorMoonstoneImperialShield",
			"300ArmorMoonstoneImperialLightShield",
			"300ArmorMoonstoneHideShield",
			"300ArmorMoonstoneDunmerShield",
			"300ArmorMoonstoneDremoraShield",
			"300ArmorMoonstoneBladesShield",
			"300ArmorMoonstoneBasicShieldHeavy",
			"300ArmorMoonstoneBasicShield",
			"300ArmorMoonstoneDwemerShield",
			"300DLC2ArmorMoonstoneSkaalShield",
			"300ArmorCSWAPMoonstoneAltmerShield",
			"300ArmorCSWAPMoonstoneOrnateShield",
			"300ArmorCSWAPMoonstoneOrcishShield",
			"300ArmorCSWAPMoonstoneNordicShield",
			"300ArmorCSWAPMoonstoneImperialShield",
			"300ArmorCSWAPMoonstoneDunmerShield",
			"300ArmorCSWAPMoonstoneDremoraShield",
			"300ArmorCSWAPMoonstoneBladesShield",
			"300ArmorCSWAPMoonstoneBasicShieldHeavy",
			"300ArmorCSWAPMoonstoneBasicShield",
			"300ArmorCSWAPMoonstoneDwemerShield",
			"300DLC2ArmorCSWAPMoonstoneSkaalShield",
		],
		
		"LeveledListPrefix": "SublistEnchArmorShield_",
		"LeveledListSuffix": "_02",
		
		"Enchantments": [
			{
				"EditorID": "EnchArmorResistFire02",
				"Suffix": " of Waning Fire"
			},
			{
				"EditorID": "EnchArmorResistFrost02",
				"Suffix": " of Waning Frost"
			},
			{
				"EditorID": "EnchArmorResistShock02",
				"Suffix": " of Waning Shock"
			},
			{
				"EditorID": "EnchArmorFortifyBlock02",
				"Suffix": " of Blocking"
			},
			{
				"EditorID": "EnchArmorResistMagic02",
				"Suffix": " of Waning Magic"
			}
		]
	}
}

