{
	"InputArmors": {
		"ArmorEditorIDs": [
			"300ArmorIronBasicHelmet",
			"300ArmorIronHideHelmet",
			"300ArmorIronHideHelmet01",
			"300ArmorIronLeatherHelmet",
			"300ArmorIronLeatherHelmetAlt",
			"300ArmorIronStuddedLeatherHelmet",
			"300ArmorIronAncientHelmet",
			"300ArmorIronAltmerHelmet",
			"300ArmorIronBladesHelmet",
			"300ArmorIronDremoraHelmet",
			"300ArmorIronDunmerHelmet",
			"300ArmorIronDwemerHelmet",
			"300ArmorIronNordicHelmet",
			"300ArmorIronNordicBHelmet",
			"300ArmorIronNordicPlateHelmet",
			"300ArmorIronOrcishHelmet",
			"300ArmorIronOrnateHelmet",
			"300ArmorIronImperialHelmetMedium",
			"300ArmorIronImperialLightHelmet",
			"300ArmorIronStormCloakHelmet",
			"300DLC2ArmorIronSkaalHelmet",
			
			
			"300ArmorSteelBasicHelmet",
			"300ArmorSteelHideHelmet",
			"300ArmorSteelHideHelmet01",
			"300ArmorSteelLeatherHelmet",
			"300ArmorSteelLeatherHelmetAlt",
			"300ArmorSteelStuddedLeatherHelmet",
			"300ArmorSteelAncientHelmet",
			"300ArmorSteelAltmerHelmet",
			"300ArmorSteelBladesHelmet",
			"300ArmorSteelDremoraHelmet",
			"300ArmorSteelDunmerHelmet",
			"300ArmorSteelDwemerHelmet",
			"300ArmorSteelNordicHelmet",
			"300ArmorSteelNordicBHelmet",
			"300ArmorSteelNordicPlateHelmet",
			"300ArmorSteelOrcishHelmet",
			"300ArmorSteelOrnateHelmet",
			"300ArmorSteelImperialHelmetMedium",
			"300ArmorSteelImperialLightHelmet",
			"300ArmorSteelStormCloakHelmet",
			"300DLC2ArmorSteelSkaalHelmet",
			
			
			"300ArmorOrichalcumBasicHelmet",
			"300ArmorOrichalcumHideHelmet",
			"300ArmorOrichalcumHideHelmet01",
			"300ArmorOrichalcumLeatherHelmet",
			"300ArmorOrichalcumLeatherHelmetAlt",
			"300ArmorOrichalcumStuddedLeatherHelmet",
			"300ArmorOrichalcumAncientHelmet",
			"300ArmorOrichalcumAltmerHelmet",
			"300ArmorOrichalcumBladesHelmet",
			"300ArmorOrichalcumDremoraHelmet",
			"300ArmorOrichalcumDunmerHelmet",
			"300ArmorOrichalcumDwemerHelmet",
			"300ArmorOrichalcumNordicHelmet",
			"300ArmorOrichalcumNordicBHelmet",
			"300ArmorOrichalcumNordicPlateHelmet",
			"300ArmorOrichalcumOrcishHelmet",
			"300ArmorOrichalcumOrnateHelmet",
			"300ArmorOrichalcumImperialHelmetMedium",
			"300ArmorOrichalcumImperialLightHelmet",
			"300ArmorOrichalcumStormCloakHelmet",
			"300DLC2ArmorOrichalcumSkaalHelmet",
			
			
			"300ArmorMoonstoneBasicHelmet",
			"300ArmorMoonstoneHideHelmet",
			"300ArmorMoonstoneHideHelmet01",
			"300ArmorMoonstoneLeatherHelmet",
			"300ArmorMoonstoneLeatherHelmetAlt",
			"300ArmorMoonstoneStuddedLeatherHelmet",
			"300ArmorMoonstoneAncientHelmet",
			"300ArmorMoonstoneAltmerHelmet",
			"300ArmorMoonstoneBladesHelmet",
			"300ArmorMoonstoneDremoraHelmet",
			"300ArmorMoonstoneDunmerHelmet",
			"300ArmorMoonstoneDwemerHelmet",
			"300ArmorMoonstoneNordicHelmet",
			"300ArmorMoonstoneNordicBHelmet",
			"300ArmorMoonstoneNordicPlateHelmet",
			"300ArmorMoonstoneOrcishHelmet",
			"300ArmorMoonstoneOrnateHelmet",
			"300ArmorMoonstoneImperialHelmetMedium",
			"300ArmorMoonstoneImperialLightHelmet",
			"300ArmorMoonstoneStormCloakHelmet",
			"300DLC2ArmorMoonstoneSkaalHelmet",
			"300ArmorCSWAPMoonstoneBasicHelmet",
			"300ArmorCSWAPMoonstoneAncientHelmet",
			"300ArmorCSWAPMoonstoneAltmerHelmet",
			"300ArmorCSWAPMoonstoneBladesHelmet",
			"300ArmorCSWAPMoonstoneDremoraHelmet",
			"300ArmorCSWAPMoonstoneDunmerHelmet",
			"300ArmorCSWAPMoonstoneDwemerHelmet",
			"300ArmorCSWAPMoonstoneNordicHelmet",
			"300ArmorCSWAPMoonstoneNordicBHelmet",
			"300ArmorCSWAPMoonstoneNordicPlateHelmet",
			"300ArmorCSWAPMoonstoneOrcishHelmet",
			"300ArmorCSWAPMoonstoneOrnateHelmet",
			"300ArmorCSWAPMoonstoneImperialHelmetMedium",
			"300DLC2ArmorCSWAPMoonstoneSkaalHelmet"
		],
		
		"LeveledListPrefix": "SublistEnchArmorHelmet_",
		"LeveledListSuffix": "_02",
		
		"Enchantments": [
			{
				"EditorID": "EnchArmorFortifyAlchemy02",
				"Suffix": " of Alchemy"
			},
			{
				"EditorID": "EnchArmorFortifyAlteration02",
				"Suffix": " of Alteration"
			},
			{
				"EditorID": "EnchArmorFortifyConjuration02",
				"Suffix": " of Conjuration"
			},
			{
				"EditorID": "EnchArmorFortifyDestruction02",
				"Suffix": " of Destruction"
			},
			{
				"EditorID": "EnchArmorFortifyIllusion02",
				"Suffix": " of Illusion"
			},
			{
				"EditorID": "EnchArmorFortifyRestoration02",
				"Suffix": " of Restoration",
			},
			{
				"EditorID": "EnchArmorFortifyMarksman02",
				"Suffix": " of Archery"
			},
			{
				"EditorID": "EnchArmorFortifyMagicka02",
				"Suffix": " of Magicka"
			},
			{
				"EditorID": "EnchArmorWaterbreathing",
				"Suffix": " of Waterbreathing"
			}
		]
	}
}

