{
	"InputArmors": {
		"ArmorEditorIDs": [
			"300ArmorIronHideCuirass01",
			"300ArmorIronHideCuirass02",
			"300ArmorIronHideCuirass03",
			"300ArmorIronImperialLightCuirass",
			"300ArmorIronImperialMediumCuirass",
			"300ArmorIronLeatherCuirass",
			"300ArmorIronLeatherCuirassAlt",
			"300ArmorIronStormCloakCuirass",
			"300ArmorIronStormCloakCuirassAlt",
			"300ArmorIronStormCloakCuirassSleeves",
			"300ArmorIronStormCloakCuirassSleevesAlt",
			
			
			"300ArmorSteelHideCuirass01",
			"300ArmorSteelHideCuirass02",
			"300ArmorSteelHideCuirass03",
			"300ArmorSteelImperialLightCuirass",
			"300ArmorSteelImperialMediumCuirass",
			"300ArmorSteelLeatherCuirass",
			"300ArmorSteelLeatherCuirassAlt",
			"300ArmorSteelStormCloakCuirass",
			"300ArmorSteelStormCloakCuirassAlt",
			"300ArmorSteelStormCloakCuirassSleeves",
			"300ArmorSteelStormCloakCuirassSleevesAlt"
		],
		
		"LeveledListPrefix": "SublistEnchArmorCuirassLight_",
		"LeveledListSuffix": "_01",
		
		"Enchantments": [
			{
				"EditorID": "EnchArmorFortifyAlteration01",
				"Suffix": " of Minor Alteration"
			},
			{
				"EditorID": "EnchArmorFortifyConjuration01",
				"Suffix": " of Minor Conjuration"
			},
			{
				"EditorID": "EnchArmorFortifyDestruction01",
				"Suffix": " of Minor Destruction"
			},
			{
				"EditorID": "EnchArmorFortifyIllusion01",
				"Suffix": " of Minor Illusion"
			},
			{
				"EditorID": "EnchArmorFortifyRestoration01",
				"Suffix": " of Minor Restoration"
			},
			{
				"EditorID": "EnchArmorFortifyMagicka01",
				"Suffix": " of Minor Magicka"
			},
			{
				"EditorID": "EnchArmorFortifyStamina01",
				"Suffix": " of Minor Stamina"
			},
			{
				"EditorID": "EnchArmorFortifyHealth01",
				"Suffix": " of Minor Health"
			},
			{
				"EditorID": "EnchArmorFortifyLightArmor01",
				"Suffix": " of the Minor Squire"
			}
		]
	}
}

