{
	"InputArmors": {
		"ArmorEditorIDs": [
			"300ArmorIronHideGauntlets",
			"300ArmorIronHideGauntlets01",
			"300ArmorIronImperialLightGauntlets",
			"300ArmorIronLeatherGauntlets",
			"300ArmorIronStuddedLeatherGauntlets",
			"300ArmorIronStormCloakBearGauntlets",
			"300DLC1ArmorIronVampireGauntlets",
			
			
			"300ArmorSteelHideGauntlets",
			"300ArmorSteelHideGauntlets01",
			"300ArmorSteelImperialLightGauntlets",
			"300ArmorSteelLeatherGauntlets",
			"300ArmorSteelStuddedLeatherGauntlets",
			"300ArmorSteelStormCloakBearGauntlets",
			"300DLC1ArmorSteelVampireGauntlets",
			
			
			"300ArmorOrichalcumHideGauntlets",
			"300ArmorOrichalcumHideGauntlets01",
			"300ArmorOrichalcumImperialLightGauntlets",
			"300ArmorOrichalcumLeatherGauntlets",
			"300ArmorOrichalcumStuddedLeatherGauntlets",
			"300ArmorOrichalcumStormCloakBearGauntlets",
			"300DLC1ArmorOrichalcumVampireGauntlets",
			
			
			"300ArmorMoonstoneHideGauntlets",
			"300ArmorMoonstoneHideGauntlets01",
			"300ArmorMoonstoneImperialLightGauntlets",
			"300ArmorMoonstoneLeatherGauntlets",
			"300ArmorMoonstoneStuddedLeatherGauntlets",
			"300ArmorMoonstoneStormCloakBearGauntlets",
			"300DLC1ArmorMoonstoneVampireGauntlets",
			"300ArmorCSWAPMoonstoneAltmerGauntlets",
			"300ArmorCSWAPMoonstoneAncientGauntlets",
			"300ArmorCSWAPMoonstoneBasicGauntlets",
			"300ArmorCSWAPMoonstoneBladesGauntlets",
			"300ArmorCSWAPMoonstoneDremoraGauntlets",
			"300ArmorCSWAPMoonstoneDunmerGauntlets",
			"300ArmorCSWAPMoonstoneDwemerGauntlets",
			"300ArmorCSWAPMoonstoneImperialGauntlets",
			"300ArmorCSWAPMoonstoneNordicGauntlets",
			"300ArmorCSWAPMoonstoneNordicPlateGauntlets",
			"300ArmorCSWAPMoonstoneOrcishGauntlets",
			"300ArmorCSWAPMoonstoneOrnateGauntlets",
			"300DLC2ArmorCSWAPMoonstoneSkaalGauntlets",
			
			
			"300ArmorDwarvenHideGauntlets",
			"300ArmorDwarvenHideGauntlets01",
			"300ArmorDwarvenImperialLightGauntlets",
			"300ArmorDwarvenLeatherGauntlets",
			"300ArmorDwarvenStuddedLeatherGauntlets",
			"300ArmorDwarvenStormCloakBearGauntlets",
			"300DLC1ArmorDwarvenVampireGauntlets",
			
			
			"300ArmorSilverHideGauntlets",
			"300ArmorSilverHideGauntlets01",
			"300ArmorSilverImperialLightGauntlets",
			"300ArmorSilverLeatherGauntlets",
			"300ArmorSilverStuddedLeatherGauntlets",
			"300ArmorSilverStormCloakBearGauntlets",
			"300DLC1ArmorSilverVampireGauntlets",
			"300ArmorCSWAPSilverAltmerGauntlets",
			"300ArmorCSWAPSilverAncientGauntlets",
			"300ArmorCSWAPSilverBasicGauntlets",
			"300ArmorCSWAPSilverBladesGauntlets",
			"300ArmorCSWAPSilverDremoraGauntlets",
			"300ArmorCSWAPSilverDunmerGauntlets",
			"300ArmorCSWAPSilverDwemerGauntlets",
			"300ArmorCSWAPSilverImperialGauntlets",
			"300ArmorCSWAPSilverNordicGauntlets",
			"300ArmorCSWAPSilverNordicPlateGauntlets",
			"300ArmorCSWAPSilverOrcishGauntlets",
			"300ArmorCSWAPSilverOrnateGauntlets",
			"300DLC2ArmorCSWAPSilverSkaalGauntlets",
			
			
			"300ArmorGlassHideGauntlets",
			"300ArmorGlassHideGauntlets01",
			"300ArmorGlassImperialLightGauntlets",
			"300ArmorGlassLeatherGauntlets",
			"300ArmorGlassStuddedLeatherGauntlets",
			"300ArmorGlassStormCloakBearGauntlets",
			"300DLC1ArmorGlassVampireGauntlets",
			"300ArmorCSWAPGlassAltmerGauntlets",
			"300ArmorCSWAPGlassAncientGauntlets",
			"300ArmorCSWAPGlassBasicGauntlets",
			"300ArmorCSWAPGlassBladesGauntlets",
			"300ArmorCSWAPGlassDremoraGauntlets",
			"300ArmorCSWAPGlassDunmerGauntlets",
			"300ArmorCSWAPGlassDwemerGauntlets",
			"300ArmorCSWAPGlassImperialGauntlets",
			"300ArmorCSWAPGlassNordicGauntlets",
			"300ArmorCSWAPGlassNordicPlateGauntlets",
			"300ArmorCSWAPGlassOrcishGauntlets",
			"300ArmorCSWAPGlassOrnateGauntlets",
			"300DLC2ArmorCSWAPGlassSkaalGauntlets",
			
			
			"300ArmorALTEbonyHideGauntlets",
			"300ArmorALTEbonyHideGauntlets01",
			"300ArmorALTEbonyImperialLightGauntlets",
			"300ArmorALTEbonyLeatherGauntlets",
			"300ArmorALTEbonyStuddedLeatherGauntlets",
			"300ArmorALTEbonyStormCloakBearGauntlets",
			"300DLC1ArmorALTEbonyVampireGauntlets",
			"300ArmorEbonyHideGauntlets",
			"300ArmorEbonyHideGauntlets01",
			"300ArmorEbonyImperialLightGauntlets",
			"300ArmorEbonyLeatherGauntlets",
			"300ArmorEbonyStuddedLeatherGauntlets",
			"300ArmorEbonyStormCloakBearGauntlets",
			"300DLC1ArmorEbonyVampireGauntlets"
		],
		
		"LeveledListPrefix": "SublistEnchArmorGauntletsLight_",
		"LeveledListSuffix": "_03",
		
		"Enchantments": [
			{
				"EditorID": "EnchArmorFortifyAlchemy03",
				"Suffix": " of Major Alchemy"
			},
			{
				"EditorID": "EnchArmorFortifyMarksman03",
				"Suffix": " of Major Archery"
			},
			{
				"EditorID": "EnchArmorFortifyOneHanded03",
				"Suffix": " of Major Wielding"
			},
			{
				"EditorID": "EnchArmorFortifyTwoHanded03",
				"Suffix": " of Major Sure Grip"
			},
			{
				"EditorID": "EnchArmorFortifySmithing03",
				"Suffix": " of Major Smithing"
			},
			{
				"EditorID": "EnchArmorFortifyPickpocket03",
				"Suffix": " of Major Deft Hands"
			},
			{
				"EditorID": "EnchArmorFortifyLockpicking03",
				"Suffix": " of Major Lockpicking"
			}
		]
	}
}

