{
	"InputArmors": {
		"ArmorEditorIDs": [
			"300ArmorIronAltmerGauntlets",
			"300ArmorIronAncientGauntlets",
			"300ArmorIronBasicGauntlets",
			"300ArmorIronBladesGauntlets",
			"300ArmorIronDremoraGauntlets",
			"300ArmorIronDunmerGauntlets",
			"300ArmorIronDwemerGauntlets",
			"300ArmorIronImperialGauntlets",
			"300ArmorIronNordicGauntlets",
			"300ArmorIronNordicPlateGauntlets",
			"300ArmorIronOrcishGauntlets",
			"300ArmorIronOrnateGauntlets",
			"300DLC2ArmorIronSkaalGauntlets",
			
			
			"300ArmorSteelAltmerGauntlets",
			"300ArmorSteelAncientGauntlets",
			"300ArmorSteelBasicGauntlets",
			"300ArmorSteelBladesGauntlets",
			"300ArmorSteelDremoraGauntlets",
			"300ArmorSteelDunmerGauntlets",
			"300ArmorSteelDwemerGauntlets",
			"300ArmorSteelImperialGauntlets",
			"300ArmorSteelNordicGauntlets",
			"300ArmorSteelNordicPlateGauntlets",
			"300ArmorSteelOrcishGauntlets",
			"300ArmorSteelOrnateGauntlets",
			"300DLC2ArmorSteelSkaalGauntlets",
			
			
			"300ArmorOrichalcumAltmerGauntlets",
			"300ArmorOrichalcumAncientGauntlets",
			"300ArmorOrichalcumBasicGauntlets",
			"300ArmorOrichalcumBladesGauntlets",
			"300ArmorOrichalcumDremoraGauntlets",
			"300ArmorOrichalcumDunmerGauntlets",
			"300ArmorOrichalcumDwemerGauntlets",
			"300ArmorOrichalcumImperialGauntlets",
			"300ArmorOrichalcumNordicGauntlets",
			"300ArmorOrichalcumNordicPlateGauntlets",
			"300ArmorOrichalcumOrcishGauntlets",
			"300ArmorOrichalcumOrnateGauntlets",
			"300DLC2ArmorOrichalcumSkaalGauntlets",
			
			
			"300ArmorMoonstoneAltmerGauntlets",
			"300ArmorMoonstoneAncientGauntlets",
			"300ArmorMoonstoneBasicGauntlets",
			"300ArmorMoonstoneBladesGauntlets",
			"300ArmorMoonstoneDremoraGauntlets",
			"300ArmorMoonstoneDunmerGauntlets",
			"300ArmorMoonstoneDwemerGauntlets",
			"300ArmorMoonstoneImperialGauntlets",
			"300ArmorMoonstoneNordicGauntlets",
			"300ArmorMoonstoneNordicPlateGauntlets",
			"300ArmorMoonstoneOrcishGauntlets",
			"300ArmorMoonstoneOrnateGauntlets",
			"300DLC2ArmorMoonstoneSkaalGauntlets",
		],
		
		"LeveledListPrefix": "SublistEnchArmorGauntletsHeavy_",
		"LeveledListSuffix": "_02",
		
		"Enchantments": [
			{
				"EditorID": "EnchArmorFortifyAlchemy02",
				"Suffix": " of Alchemy"
			},
			{
				"EditorID": "EnchArmorFortifyMarksman02",
				"Suffix": " of Archery"
			},
			{
				"EditorID": "EnchArmorFortifyOneHanded02",
				"Suffix": " of Wielding"
			},
			{
				"EditorID": "EnchArmorFortifyTwoHanded02",
				"Suffix": " of Sure Grip"
			},
			{
				"EditorID": "EnchArmorFortifySmithing02",
				"Suffix": " of Smithing"
			}
		]
	}
}

