{
	"InputArmors": {
		"ArmorEditorIDs": [
			"300ArmorDaedricAltmerCuirassLight",
			"300ArmorDaedricAltmerCuirass",
			"300ArmorDaedricBasicCuirass",
			"300ArmorDaedricBasicCuirassPlate",
			"300ArmorDaedricBladesCuirass",
			"300ArmorDaedricDremoraCuirass",
			"300ArmorDaedricDunmerCuirass",
			"300ArmorDaedricDunmerMailCuirass",
			"300ArmorDaedricDwemerCuirass",
			"300ArmorDaedricImperialCuirass",
			"300ArmorDaedricNordicCuirass",
			"300ArmorDaedricNordicBCuirass",
			"300ArmorDaedricNordicPlateCuirass",
			"300ArmorDaedricOrcishCuirass",
			"300ArmorDaedricOrnateCuirass",
			"300DLC2ArmorDaedricSkaalCuirass",
			"300ArmorALTDaedricAltmerCuirassLight",
			"300ArmorALTDaedricAltmerCuirass",
			"300ArmorALTDaedricBasicCuirass",
			"300ArmorALTDaedricBasicCuirassPlate",
			"300ArmorALTDaedricBladesCuirass",
			"300ArmorALTDaedricDremoraCuirass",
			"300ArmorALTDaedricDunmerCuirass",
			"300ArmorALTDaedricDunmerMailCuirass",
			"300ArmorALTDaedricDwemerCuirass",
			"300ArmorALTDaedricImperialCuirass",
			"300ArmorALTDaedricNordicCuirass",
			"300ArmorALTDaedricNordicBCuirass",
			"300ArmorALTDaedricNordicPlateCuirass",
			"300ArmorALTDaedricOrcishCuirass",
			"300ArmorALTDaedricOrnateCuirass",
			"300DLC2ArmorALTDaedricSkaalCuirass",
		],
		
		"LeveledListPrefix": "SublistEnchArmorCuirassHeavy_",
		"LeveledListSuffix": "_06",
		
		"Enchantments": [
			{
				"EditorID": "EnchArmorFortifyAlteration06",
				"Suffix": " of Peerless Alteration"
			},
			{
				"EditorID": "EnchArmorFortifyConjuration06",
				"Suffix": " of Peerless Conjuration"
			},
			{
				"EditorID": "EnchArmorFortifyDestruction06",
				"Suffix": " of Peerless Destruction"
			},
			{
				"EditorID": "EnchArmorFortifyIllusion06",
				"Suffix": " of Peerless Illusion"
			},
			{
				"EditorID": "EnchArmorFortifyRestoration06",
				"Suffix": " of Peerless Restoration"
			},
			{
				"EditorID": "EnchArmorFortifyMagicka06",
				"Suffix": " of Peerless Magicka"
			},
			{
				"EditorID": "EnchArmorFortifyHealth01",
				"Suffix": " of Minor Health"
			},
			{
				"EditorID": "EnchArmorFortifyHealth06",
				"Suffix": " of Peerless Health"
			},
			{
				"EditorID": "EnchArmorFortifyHeavyArmor06",
				"Suffix": " of the Peerless Knight"
			}
		]
	}
}

