{
	"InputArmors": {
		"ArmorEditorIDs": [
			"300ArmorDwarvenHideCuirass01",
			"300ArmorDwarvenHideCuirass02",
			"300ArmorDwarvenHideCuirass03",
			"300ArmorDwarvenImperialLightCuirass",
			"300ArmorDwarvenImperialMediumCuirass",
			"300ArmorDwarvenLeatherCuirass",
			"300ArmorDwarvenLeatherCuirassAlt",
			"300ArmorDwarvenStormCloakCuirass",
			"300ArmorDwarvenStormCloakCuirassAlt",
			"300ArmorDwarvenStormCloakCuirassSleeves",
			"300ArmorDwarvenStormCloakCuirassSleevesAlt",
			
			
			"300ArmorSilverHideCuirass01",
			"300ArmorSilverHideCuirass02",
			"300ArmorSilverHideCuirass03",
			"300ArmorSilverImperialLightCuirass",
			"300ArmorSilverImperialMediumCuirass",
			"300ArmorSilverLeatherCuirass",
			"300ArmorSilverLeatherCuirassAlt",
			"300ArmorSilverStormCloakCuirass",
			"300ArmorSilverStormCloakCuirassAlt",
			"300ArmorSilverStormCloakCuirassSleeves",
			"300ArmorSilverStormCloakCuirassSleevesAlt",
			"300ArmorCSWAPSilverAltmerCuirassLight",
			"300ArmorCSWAPSilverAltmerCuirass",
			"300ArmorCSWAPSilverBasicCuirass",
			"300ArmorCSWAPSilverBasicCuirassPlate",
			"300ArmorCSWAPSilverBladesCuirass",
			"300ArmorCSWAPSilverDremoraCuirass",
			"300ArmorCSWAPSilverDunmerCuirass",
			"300ArmorCSWAPSilverDunmerMailCuirass",
			"300ArmorCSWAPSilverDwemerCuirass",
			"300ArmorCSWAPSilverImperialCuirass",
			"300ArmorCSWAPSilverNordicCuirass",
			"300ArmorCSWAPSilverNordicBCuirass",
			"300ArmorCSWAPSilverNordicPlateCuirass",
			"300ArmorCSWAPSilverOrcishCuirass",
			"300ArmorCSWAPSilverOrnateCuirass",
			"300DLC2ArmorCSWAPSilverSkaalCuirass",
			
			
			"300ArmorGlassHideCuirass01",
			"300ArmorGlassHideCuirass02",
			"300ArmorGlassHideCuirass03",
			"300ArmorGlassImperialLightCuirass",
			"300ArmorGlassImperialMediumCuirass",
			"300ArmorGlassLeatherCuirass",
			"300ArmorGlassLeatherCuirassAlt",
			"300ArmorGlassStormCloakCuirass",
			"300ArmorGlassStormCloakCuirassAlt",
			"300ArmorGlassStormCloakCuirassSleeves",
			"300ArmorGlassStormCloakCuirassSleevesAlt",
			"300ArmorCSWAPGlassAltmerCuirassLight",
			"300ArmorCSWAPGlassAltmerCuirass",
			"300ArmorCSWAPGlassBasicCuirass",
			"300ArmorCSWAPGlassBasicCuirassPlate",
			"300ArmorCSWAPGlassBladesCuirass",
			"300ArmorCSWAPGlassDremoraCuirass",
			"300ArmorCSWAPGlassDunmerCuirass",
			"300ArmorCSWAPGlassDunmerMailCuirass",
			"300ArmorCSWAPGlassDwemerCuirass",
			"300ArmorCSWAPGlassImperialCuirass",
			"300ArmorCSWAPGlassNordicCuirass",
			"300ArmorCSWAPGlassNordicBCuirass",
			"300ArmorCSWAPGlassNordicPlateCuirass",
			"300ArmorCSWAPGlassOrcishCuirass",
			"300ArmorCSWAPGlassOrnateCuirass",
			"300DLC2ArmorCSWAPGlassSkaalCuirass",
			
			
			"300ArmorEbonyHideCuirass01",
			"300ArmorEbonyHideCuirass02",
			"300ArmorEbonyHideCuirass03",
			"300ArmorEbonyImperialLightCuirass",
			"300ArmorEbonyImperialMediumCuirass",
			"300ArmorEbonyLeatherCuirass",
			"300ArmorEbonyLeatherCuirassAlt",
			"300ArmorEbonyStormCloakCuirass",
			"300ArmorEbonyStormCloakCuirassAlt",
			"300ArmorEbonyStormCloakCuirassSleeves",
			"300ArmorEbonyStormCloakCuirassSleevesAlt",
			"300ArmorALTEbonyHideCuirass01",
			"300ArmorALTEbonyHideCuirass02",
			"300ArmorALTEbonyHideCuirass03",
			"300ArmorALTEbonyImperialLightCuirass",
			"300ArmorALTEbonyImperialMediumCuirass",
			"300ArmorALTEbonyLeatherCuirass",
			"300ArmorALTEbonyLeatherCuirassAlt",
			"300ArmorALTEbonyStormCloakCuirass",
			"300ArmorALTEbonyStormCloakCuirassAlt",
			"300ArmorALTEbonyStormCloakCuirassSleeves",
			"300ArmorALTEbonyStormCloakCuirassSleevesAlt",
			
			
			"300ArmorDaedricHideCuirass01",
			"300ArmorDaedricHideCuirass02",
			"300ArmorDaedricHideCuirass03",
			"300ArmorDaedricImperialLightCuirass",
			"300ArmorDaedricImperialMediumCuirass",
			"300ArmorDaedricLeatherCuirass",
			"300ArmorDaedricLeatherCuirassAlt",
			"300ArmorDaedricStormCloakCuirass",
			"300ArmorDaedricStormCloakCuirassAlt",
			"300ArmorDaedricStormCloakCuirassSleeves",
			"300ArmorDaedricStormCloakCuirassSleevesAlt",
			"300ArmorALTDaedricHideCuirass01",
			"300ArmorALTDaedricHideCuirass02",
			"300ArmorALTDaedricHideCuirass03",
			"300ArmorALTDaedricImperialLightCuirass",
			"300ArmorALTDaedricImperialMediumCuirass",
			"300ArmorALTDaedricLeatherCuirass",
			"300ArmorALTDaedricLeatherCuirassAlt",
			"300ArmorALTDaedricStormCloakCuirass",
			"300ArmorALTDaedricStormCloakCuirassAlt",
			"300ArmorALTDaedricStormCloakCuirassSleeves",
			"300ArmorALTDaedricStormCloakCuirassSleevesAlt"
		],
		
		"LeveledListPrefix": "SublistEnchArmorCuirassLight_",
		"LeveledListSuffix": "_05",
		
		"Enchantments": [
			{
				"EditorID": "EnchArmorFortifyAlteration05",
				"Suffix": " of Extreme Alteration"
			},
			{
				"EditorID": "EnchArmorFortifyConjuration05",
				"Suffix": " of Extreme Conjuration"
			},
			{
				"EditorID": "EnchArmorFortifyDestruction05",
				"Suffix": " of Extreme Destruction"
			},
			{
				"EditorID": "EnchArmorFortifyIllusion05",
				"Suffix": " of Extreme Illusion"
			},
			{
				"EditorID": "EnchArmorFortifyRestoration05",
				"Suffix": " of Extreme Restoration"
			},
			{
				"EditorID": "EnchArmorFortifyMagicka05",
				"Suffix": " of Extreme Magicka"
			},
			{
				"EditorID": "EnchArmorFortifyStamina05",
				"Suffix": " of Extreme Stamina"
			},
			{
				"EditorID": "EnchArmorFortifyHealth05",
				"Suffix": " of Extreme Health"
			},
			{
				"EditorID": "EnchArmorFortifyLightArmor05",
				"Suffix": " of the Noble Squire"
			}
		]
	}
}

