{
	"InputArmors": {
		"ArmorEditorIDs": [
			"300ArmorOrichalcumHideGauntlets",
			"300ArmorOrichalcumHideGauntlets01",
			"300ArmorOrichalcumImperialLightGauntlets",
			"300ArmorOrichalcumLeatherGauntlets",
			"300ArmorOrichalcumStuddedLeatherGauntlets",
			"300ArmorOrichalcumStormCloakBearGauntlets",
			"300DLC1ArmorOrichalcumVampireGauntlets",
			
			
			"300ArmorMoonstoneHideGauntlets",
			"300ArmorMoonstoneHideGauntlets01",
			"300ArmorMoonstoneImperialLightGauntlets",
			"300ArmorMoonstoneLeatherGauntlets",
			"300ArmorMoonstoneStuddedLeatherGauntlets",
			"300ArmorMoonstoneStormCloakBearGauntlets",
			"300DLC1ArmorMoonstoneVampireGauntlets",
			"300ArmorCSWAPMoonstoneAltmerGauntlets",
			"300ArmorCSWAPMoonstoneAncientGauntlets",
			"300ArmorCSWAPMoonstoneBasicGauntlets",
			"300ArmorCSWAPMoonstoneBladesGauntlets",
			"300ArmorCSWAPMoonstoneDremoraGauntlets",
			"300ArmorCSWAPMoonstoneDunmerGauntlets",
			"300ArmorCSWAPMoonstoneDwemerGauntlets",
			"300ArmorCSWAPMoonstoneImperialGauntlets",
			"300ArmorCSWAPMoonstoneNordicGauntlets",
			"300ArmorCSWAPMoonstoneNordicPlateGauntlets",
			"300ArmorCSWAPMoonstoneOrcishGauntlets",
			"300ArmorCSWAPMoonstoneOrnateGauntlets",
			"300DLC2ArmorCSWAPMoonstoneSkaalGauntlets",
			
			
			"300ArmorDwarvenHideGauntlets",
			"300ArmorDwarvenHideGauntlets01",
			"300ArmorDwarvenImperialLightGauntlets",
			"300ArmorDwarvenLeatherGauntlets",
			"300ArmorDwarvenStuddedLeatherGauntlets",
			"300ArmorDwarvenStormCloakBearGauntlets",
			"300DLC1ArmorDwarvenVampireGauntlets",
			
			
			"300ArmorSilverHideGauntlets",
			"300ArmorSilverHideGauntlets01",
			"300ArmorSilverImperialLightGauntlets",
			"300ArmorSilverLeatherGauntlets",
			"300ArmorSilverStuddedLeatherGauntlets",
			"300ArmorSilverStormCloakBearGauntlets",
			"300DLC1ArmorSilverVampireGauntlets",
			"300ArmorCSWAPSilverAltmerGauntlets",
			"300ArmorCSWAPSilverAncientGauntlets",
			"300ArmorCSWAPSilverBasicGauntlets",
			"300ArmorCSWAPSilverBladesGauntlets",
			"300ArmorCSWAPSilverDremoraGauntlets",
			"300ArmorCSWAPSilverDunmerGauntlets",
			"300ArmorCSWAPSilverDwemerGauntlets",
			"300ArmorCSWAPSilverImperialGauntlets",
			"300ArmorCSWAPSilverNordicGauntlets",
			"300ArmorCSWAPSilverNordicPlateGauntlets",
			"300ArmorCSWAPSilverOrcishGauntlets",
			"300ArmorCSWAPSilverOrnateGauntlets",
			"300DLC2ArmorCSWAPSilverSkaalGauntlets",
			
			
			"300ArmorGlassHideGauntlets",
			"300ArmorGlassHideGauntlets01",
			"300ArmorGlassImperialLightGauntlets",
			"300ArmorGlassLeatherGauntlets",
			"300ArmorGlassStuddedLeatherGauntlets",
			"300ArmorGlassStormCloakBearGauntlets",
			"300DLC1ArmorGlassVampireGauntlets",
			"300ArmorCSWAPGlassAltmerGauntlets",
			"300ArmorCSWAPGlassAncientGauntlets",
			"300ArmorCSWAPGlassBasicGauntlets",
			"300ArmorCSWAPGlassBladesGauntlets",
			"300ArmorCSWAPGlassDremoraGauntlets",
			"300ArmorCSWAPGlassDunmerGauntlets",
			"300ArmorCSWAPGlassDwemerGauntlets",
			"300ArmorCSWAPGlassImperialGauntlets",
			"300ArmorCSWAPGlassNordicGauntlets",
			"300ArmorCSWAPGlassNordicPlateGauntlets",
			"300ArmorCSWAPGlassOrcishGauntlets",
			"300ArmorCSWAPGlassOrnateGauntlets",
			"300DLC2ArmorCSWAPGlassSkaalGauntlets",
			
			
			"300ArmorALTEbonyHideGauntlets",
			"300ArmorALTEbonyHideGauntlets01",
			"300ArmorALTEbonyImperialLightGauntlets",
			"300ArmorALTEbonyLeatherGauntlets",
			"300ArmorALTEbonyStuddedLeatherGauntlets",
			"300ArmorALTEbonyStormCloakBearGauntlets",
			"300DLC1ArmorALTEbonyVampireGauntlets",
			"300ArmorEbonyHideGauntlets",
			"300ArmorEbonyHideGauntlets01",
			"300ArmorEbonyImperialLightGauntlets",
			"300ArmorEbonyLeatherGauntlets",
			"300ArmorEbonyStuddedLeatherGauntlets",
			"300ArmorEbonyStormCloakBearGauntlets",
			"300DLC1ArmorEbonyVampireGauntlets",
			
			
			"300ArmorALTDaedricHideGauntlets",
			"300ArmorALTDaedricHideGauntlets01",
			"300ArmorALTDaedricImperialLightGauntlets",
			"300ArmorALTDaedricLeatherGauntlets",
			"300ArmorALTDaedricStuddedLeatherGauntlets",
			"300ArmorALTDaedricStormCloakBearGauntlets",
			"300DLC1ArmorALTDaedricVampireGauntlets",
			"300ArmorDaedricHideGauntlets",
			"300ArmorDaedricHideGauntlets01",
			"300ArmorDaedricImperialLightGauntlets",
			"300ArmorDaedricLeatherGauntlets",
			"300ArmorDaedricStuddedLeatherGauntlets",
			"300ArmorDaedricStormCloakBearGauntlets",
			"300DLC1ArmorDaedricVampireGauntlets"
		],
		
		"LeveledListPrefix": "SublistEnchArmorGauntletsLight_",
		"LeveledListSuffix": "_04",
		
		"Enchantments": [
			{
				"EditorID": "EnchArmorFortifyAlchemy04",
				"Suffix": " of Eminent Alchemy"
			},
			{
				"EditorID": "EnchArmorFortifyMarksman04",
				"Suffix": " of Eminent Archery"
			},
			{
				"EditorID": "EnchArmorFortifyOneHanded04",
				"Suffix": " of Eminent Wielding"
			},
			{
				"EditorID": "EnchArmorFortifyTwoHanded04",
				"Suffix": " of Eminent Sure Grip"
			},
			{
				"EditorID": "EnchArmorFortifySmithing04",
				"Suffix": " of Eminent Smithing"
			},
			{
				"EditorID": "EnchArmorFortifyPickpocket04",
				"Suffix": " of Eminent Deft Hands"
			},
			{
				"EditorID": "EnchArmorFortifyLockpicking04",
				"Suffix": " of Eminent Lockpicking"
			}
		]
	}
}

