{
	"InputArmors": {
		"ArmorEditorIDs": [
			"300ArmorDwarvenHideBoots",
			"300ArmorDwarvenHideBoots01",
			"300ArmorDwarvenLeatherBoots",
			"300ArmorDwarvenStuddedLeatherBoots",
			"300ArmorDwarvenImperialLightBoots",
			"300ArmorDwarvenStormCloakBearBoots",
			"300DLC1ArmorDwarvenVampireBoots",
			
			
			"300ArmorSilverHideBoots",
			"300ArmorSilverHideBoots01",
			"300ArmorSilverLeatherBoots",
			"300ArmorSilverStuddedLeatherBoots",
			"300ArmorSilverImperialLightBoots",
			"300ArmorSilverStormCloakBearBoots",
			"300DLC1ArmorSilverVampireBoots",
			"300ArmorCSWAPSilverAltmerBoots",
			"300ArmorCSWAPSilverAncientBoots",
			"300ArmorCSWAPSilverBasicBoots",
			"300ArmorCSWAPSilverBladesBoots",
			"300ArmorCSWAPSilverDunmerBoots",
			"300ArmorCSWAPSilverDremoraBoots",
			"300ArmorCSWAPSilverDwemerBoots",
			"300ArmorCSWAPSilverImperialBoots",
			"300ArmorCSWAPSilverNordicBoots",
			"300ArmorCSWAPSilverNordicPlateBoots",
			"300ArmorCSWAPSilverOrcishBoots",
			"300ArmorCSWAPSilverOrnateBoots",
			"300DLC2ArmorCSWAPSilverSkaalBoots",
			
			
			"300ArmorGlassHideBoots",
			"300ArmorGlassHideBoots01",
			"300ArmorGlassLeatherBoots",
			"300ArmorGlassStuddedLeatherBoots",
			"300ArmorGlassImperialLightBoots",
			"300ArmorGlassStormCloakBearBoots",
			"300DLC1ArmorGlassVampireBoots",
			"300ArmorCSWAPGlassAltmerBoots",
			"300ArmorCSWAPGlassAncientBoots",
			"300ArmorCSWAPGlassBasicBoots",
			"300ArmorCSWAPGlassBladesBoots",
			"300ArmorCSWAPGlassDunmerBoots",
			"300ArmorCSWAPGlassDremoraBoots",
			"300ArmorCSWAPGlassDwemerBoots",
			"300ArmorCSWAPGlassImperialBoots",
			"300ArmorCSWAPGlassNordicBoots",
			"300ArmorCSWAPGlassNordicPlateBoots",
			"300ArmorCSWAPGlassOrcishBoots",
			"300ArmorCSWAPGlassOrnateBoots",
			"300DLC2ArmorCSWAPGlassSkaalBoots",
			
			
			"300ArmorEbonyHideBoots",
			"300ArmorEbonyHideBoots01",
			"300ArmorEbonyLeatherBoots",
			"300ArmorEbonyStuddedLeatherBoots",
			"300ArmorEbonyImperialLightBoots",
			"300ArmorEbonyStormCloakBearBoots",
			"300DLC1ArmorEbonyVampireBoots",
			"300ArmorALTEbonyHideBoots",
			"300ArmorALTEbonyHideBoots01",
			"300ArmorALTEbonyLeatherBoots",
			"300ArmorALTEbonyStuddedLeatherBoots",
			"300ArmorALTEbonyImperialLightBoots",
			"300ArmorALTEbonyStormCloakBearBoots",
			"300DLC1ArmorALTEbonyVampireBoots",
			
			
			"300ArmorDaedricHideBoots",
			"300ArmorDaedricHideBoots01",
			"300ArmorDaedricLeatherBoots",
			"300ArmorDaedricStuddedLeatherBoots",
			"300ArmorDaedricImperialLightBoots",
			"300ArmorDaedricStormCloakBearBoots",
			"300DLC1ArmorDaedricVampireBoots",
			"300ArmorALTDaedricHideBoots",
			"300ArmorALTDaedricHideBoots01",
			"300ArmorALTDaedricLeatherBoots",
			"300ArmorALTDaedricStuddedLeatherBoots",
			"300ArmorALTDaedricImperialLightBoots",
			"300ArmorALTDaedricStormCloakBearBoots",
			"300DLC1ArmorALTDaedricVampireBoots"
		],
		
		"LeveledListPrefix": "SublistEnchArmorBootsLight_",
		"LeveledListSuffix": "_05",
		
		"Enchantments": [
			{
				"EditorID": "EnchArmorFortifyStamina05",
				"Suffix": " of Extreme Stamina"
			},
			{
				"EditorID": "EnchArmorFortifyCarry05",
				"Suffix": " of the Ox"
			},
			{
				"EditorID": "EnchArmorResistFire05",
				"Suffix": " of Fire Abatement"
			},
			{
				"EditorID": "EnchArmorResistFrost05",
				"Suffix": " of Frost Abatement"
			},
			{
				"EditorID": "EnchArmorResistShock05",
				"Suffix": " of Shock Abatement"
			},
			{
				"EditorID": "EnchArmorFortifySneak05",
				"Suffix": " of Extreme Sneaking"
			}
		]
	}
}

