{
	"InputArmors": {
		"ArmorEditorIDs": [
			"300ArmorDaedricBasicHelmet",
			"300ArmorDaedricHideHelmet",
			"300ArmorDaedricHideHelmet01",
			"300ArmorDaedricLeatherHelmet",
			"300ArmorDaedricLeatherHelmetAlt",
			"300ArmorDaedricStuddedLeatherHelmet",
			"300ArmorDaedricAncientHelmet",
			"300ArmorDaedricAltmerHelmet",
			"300ArmorDaedricBladesHelmet",
			"300ArmorDaedricDremoraHelmet",
			"300ArmorDaedricDunmerHelmet",
			"300ArmorDaedricDwemerHelmet",
			"300ArmorDaedricNordicHelmet",
			"300ArmorDaedricNordicBHelmet",
			"300ArmorDaedricNordicPlateHelmet",
			"300ArmorDaedricOrcishHelmet",
			"300ArmorDaedricOrnateHelmet",
			"300ArmorDaedricImperialHelmetMedium",
			"300ArmorDaedricImperialLightHelmet",
			"300ArmorDaedricStormCloakHelmet",
			"300DLC2ArmorDaedricSkaalHelmet",
			"300ArmorALTDaedricBasicHelmet",
			"300ArmorALTDaedricHideHelmet",
			"300ArmorALTDaedricHideHelmet01",
			"300ArmorALTDaedricLeatherHelmet",
			"300ArmorALTDaedricLeatherHelmetAlt",
			"300ArmorALTDaedricStuddedLeatherHelmet",
			"300ArmorALTDaedricAncientHelmet",
			"300ArmorALTDaedricAltmerHelmet",
			"300ArmorALTDaedricBladesHelmet",
			"300ArmorALTDaedricDremoraHelmet",
			"300ArmorALTDaedricDunmerHelmet",
			"300ArmorALTDaedricDwemerHelmet",
			"300ArmorALTDaedricNordicHelmet",
			"300ArmorALTDaedricNordicBHelmet",
			"300ArmorALTDaedricNordicPlateHelmet",
			"300ArmorALTDaedricOrcishHelmet",
			"300ArmorALTDaedricOrnateHelmet",
			"300ArmorALTDaedricImperialHelmetMedium",
			"300ArmorALTDaedricImperialLightHelmet",
			"300ArmorALTDaedricStormCloakHelmet",
			"300DLC2ArmorALTDaedricSkaalHelmet"
		],
		
		"LeveledListPrefix": "SublistEnchArmorHelmet_",
		"LeveledListSuffix": "_06",
		
		"Enchantments": [
			{
				"EditorID": "EnchArmorFortifyAlchemy06",
				"Suffix": " of Peerless Alchemy"
			},
			{
				"EditorID": "EnchArmorFortifyAlteration06",
				"Suffix": " of Peerless Alteration"
			},
			{
				"EditorID": "EnchArmorFortifyConjuration06",
				"Suffix": " of Peerless Conjuration"
			},
			{
				"EditorID": "EnchArmorFortifyDestruction06",
				"Suffix": " of Peerless Destruction"
			},
			{
				"EditorID": "EnchArmorFortifyIllusion06",
				"Suffix": " of Peerless Illusion"
			},
			{
				"EditorID": "EnchArmorFortifyRestoration06",
				"Suffix": " of Peerless Restoration"
			},
			{
				"EditorID": "EnchArmorFortifyMarksman06",
				"Suffix": " of Peerless Archery"
			},
			{
				"EditorID": "EnchArmorFortifyMagicka06",
				"Suffix": " of Peerless Magicka"
			},
			{
				"EditorID": "EnchArmorWaterbreathing",
				"Suffix": " of Waterbreathing"
			},
			{
				"EditorID": "EnchArmorFortifyMagickaRate06",
				"Suffix": " of Recovery"
			}
		]
	}
}

