{
	"InputArmors": {
		"ArmorEditorIDs": [
			"300ArmorOrichalcumAltmerGauntlets",
			"300ArmorOrichalcumAncientGauntlets",
			"300ArmorOrichalcumBasicGauntlets",
			"300ArmorOrichalcumBladesGauntlets",
			"300ArmorOrichalcumDremoraGauntlets",
			"300ArmorOrichalcumDunmerGauntlets",
			"300ArmorOrichalcumDwemerGauntlets",
			"300ArmorOrichalcumImperialGauntlets",
			"300ArmorOrichalcumNordicGauntlets",
			"300ArmorOrichalcumNordicPlateGauntlets",
			"300ArmorOrichalcumOrcishGauntlets",
			"300ArmorOrichalcumOrnateGauntlets",
			"300DLC2ArmorOrichalcumSkaalGauntlets",
			
			
			"300ArmorMoonstoneAltmerGauntlets",
			"300ArmorMoonstoneAncientGauntlets",
			"300ArmorMoonstoneBasicGauntlets",
			"300ArmorMoonstoneBladesGauntlets",
			"300ArmorMoonstoneDremoraGauntlets",
			"300ArmorMoonstoneDunmerGauntlets",
			"300ArmorMoonstoneDwemerGauntlets",
			"300ArmorMoonstoneImperialGauntlets",
			"300ArmorMoonstoneNordicGauntlets",
			"300ArmorMoonstoneNordicPlateGauntlets",
			"300ArmorMoonstoneOrcishGauntlets",
			"300ArmorMoonstoneOrnateGauntlets",
			"300DLC2ArmorMoonstoneSkaalGauntlets",
			
			
			"300ArmorDwarvenAltmerGauntlets",
			"300ArmorDwarvenAncientGauntlets",
			"300ArmorDwarvenBasicGauntlets",
			"300ArmorDwarvenBladesGauntlets",
			"300ArmorDwarvenDremoraGauntlets",
			"300ArmorDwarvenDunmerGauntlets",
			"300ArmorDwarvenDwemerGauntlets",
			"300ArmorDwarvenImperialGauntlets",
			"300ArmorDwarvenNordicGauntlets",
			"300ArmorDwarvenNordicPlateGauntlets",
			"300ArmorDwarvenOrcishGauntlets",
			"300ArmorDwarvenOrnateGauntlets",
			"300DLC2ArmorDwarvenSkaalGauntlets",
			
			
			"300ArmorSilverAltmerGauntlets",
			"300ArmorSilverAncientGauntlets",
			"300ArmorSilverBasicGauntlets",
			"300ArmorSilverBladesGauntlets",
			"300ArmorSilverDremoraGauntlets",
			"300ArmorSilverDunmerGauntlets",
			"300ArmorSilverDwemerGauntlets",
			"300ArmorSilverImperialGauntlets",
			"300ArmorSilverNordicGauntlets",
			"300ArmorSilverNordicPlateGauntlets",
			"300ArmorSilverOrcishGauntlets",
			"300ArmorSilverOrnateGauntlets",
			"300DLC2ArmorSilverSkaalGauntlets",
			
			
			"300ArmorGlassAltmerGauntlets",
			"300ArmorGlassAncientGauntlets",
			"300ArmorGlassBasicGauntlets",
			"300ArmorGlassBladesGauntlets",
			"300ArmorGlassDremoraGauntlets",
			"300ArmorGlassDunmerGauntlets",
			"300ArmorGlassDwemerGauntlets",
			"300ArmorGlassImperialGauntlets",
			"300ArmorGlassNordicGauntlets",
			"300ArmorGlassNordicPlateGauntlets",
			"300ArmorGlassOrcishGauntlets",
			"300ArmorGlassOrnateGauntlets",
			"300DLC2ArmorGlassSkaalGauntlets",
			
			
			"300ArmorEbonyAltmerGauntlets",
			"300ArmorEbonyAncientGauntlets",
			"300ArmorEbonyBasicGauntlets",
			"300ArmorEbonyBladesGauntlets",
			"300ArmorEbonyDremoraGauntlets",
			"300ArmorEbonyDunmerGauntlets",
			"300ArmorEbonyDwemerGauntlets",
			"300ArmorEbonyImperialGauntlets",
			"300ArmorEbonyNordicGauntlets",
			"300ArmorEbonyNordicPlateGauntlets",
			"300ArmorEbonyOrcishGauntlets",
			"300ArmorEbonyOrnateGauntlets",
			"300DLC2ArmorEbonySkaalGauntlets",
			"300ArmorALTEbonyAltmerGauntlets",
			"300ArmorALTEbonyAncientGauntlets",
			"300ArmorALTEbonyBasicGauntlets",
			"300ArmorALTEbonyBladesGauntlets",
			"300ArmorALTEbonyDremoraGauntlets",
			"300ArmorALTEbonyDunmerGauntlets",
			"300ArmorALTEbonyDwemerGauntlets",
			"300ArmorALTEbonyImperialGauntlets",
			"300ArmorALTEbonyNordicGauntlets",
			"300ArmorALTEbonyNordicPlateGauntlets",
			"300ArmorALTEbonyOrcishGauntlets",
			"300ArmorALTEbonyOrnateGauntlets",
			"300DLC2ArmorALTEbonySkaalGauntlets",
			
			
			"300ArmorDaedricAltmerGauntlets",
			"300ArmorDaedricAncientGauntlets",
			"300ArmorDaedricBasicGauntlets",
			"300ArmorDaedricBladesGauntlets",
			"300ArmorDaedricDremoraGauntlets",
			"300ArmorDaedricDunmerGauntlets",
			"300ArmorDaedricDwemerGauntlets",
			"300ArmorDaedricImperialGauntlets",
			"300ArmorDaedricNordicGauntlets",
			"300ArmorDaedricNordicPlateGauntlets",
			"300ArmorDaedricOrcishGauntlets",
			"300ArmorDaedricOrnateGauntlets",
			"300DLC2ArmorDaedricSkaalGauntlets",
			"300ArmorALTDaedricAltmerGauntlets",
			"300ArmorALTDaedricAncientGauntlets",
			"300ArmorALTDaedricBasicGauntlets",
			"300ArmorALTDaedricBladesGauntlets",
			"300ArmorALTDaedricDremoraGauntlets",
			"300ArmorALTDaedricDunmerGauntlets",
			"300ArmorALTDaedricDwemerGauntlets",
			"300ArmorALTDaedricImperialGauntlets",
			"300ArmorALTDaedricNordicGauntlets",
			"300ArmorALTDaedricNordicPlateGauntlets",
			"300ArmorALTDaedricOrcishGauntlets",
			"300ArmorALTDaedricOrnateGauntlets",
			"300DLC2ArmorALTDaedricSkaalGauntlets",
		],
		
		"LeveledListPrefix": "SublistEnchArmorGauntletsHeavy_",
		"LeveledListSuffix": "_04",
		
		"Enchantments": [
			{
				"EditorID": "EnchArmorFortifyAlchemy04",
				"Suffix": " of Eminent Alchemy"
			},
			{
				"EditorID": "EnchArmorFortifyMarksman04",
				"Suffix": " of Eminent Archery"
			},
			{
				"EditorID": "EnchArmorFortifyOneHanded04",
				"Suffix": " of Eminent Wielding"
			},
			{
				"EditorID": "EnchArmorFortifyTwoHanded04",
				"Suffix": " of Eminent Sure Grip"
			},
			{
				"EditorID": "EnchArmorFortifySmithing04",
				"Suffix": " of Eminent Smithing"
			}
		]
	}
}

