{
	"InputArmors": {
		"ArmorEditorIDs": [
			"300ArmorDwarvenAltmerShield",
			"300ArmorDwarvenOrnateShield",
			"300ArmorDwarvenOrcishShield",
			"300ArmorDwarvenNordicShield",
			"300ArmorDwarvenImperialShield",
			"300ArmorDwarvenImperialLightShield",
			"300ArmorDwarvenHideShield",
			"300ArmorDwarvenDunmerShield",
			"300ArmorDwarvenDremoraShield",
			"300ArmorDwarvenBladesShield",
			"300ArmorDwarvenBasicShieldHeavy",
			"300ArmorDwarvenBasicShield",
			"300ArmorDwarvenDwemerShield",
			"300DLC2ArmorDwarvenSkaalShield",
			
			
			"300ArmorSilverAltmerShield",
			"300ArmorSilverOrnateShield",
			"300ArmorSilverOrcishShield",
			"300ArmorSilverNordicShield",
			"300ArmorSilverImperialShield",
			"300ArmorSilverImperialLightShield",
			"300ArmorSilverHideShield",
			"300ArmorSilverDunmerShield",
			"300ArmorSilverDremoraShield",
			"300ArmorSilverBladesShield",
			"300ArmorSilverBasicShieldHeavy",
			"300ArmorSilverBasicShield",
			"300ArmorSilverDwemerShield",
			"300DLC2ArmorSilverSkaalShield",
			"300ArmorCSWAPSilverAltmerShield",
			"300ArmorCSWAPSilverOrnateShield",
			"300ArmorCSWAPSilverOrcishShield",
			"300ArmorCSWAPSilverNordicShield",
			"300ArmorCSWAPSilverImperialShield",
			"300ArmorCSWAPSilverDunmerShield",
			"300ArmorCSWAPSilverDremoraShield",
			"300ArmorCSWAPSilverBladesShield",
			"300ArmorCSWAPSilverBasicShieldHeavy",
			"300ArmorCSWAPSilverBasicShield",
			"300ArmorCSWAPSilverDwemerShield",
			"300DLC2ArmorCSWAPSilverSkaalShield",
			
			
			"300ArmorGlassAltmerShield",
			"300ArmorGlassOrnateShield",
			"300ArmorGlassOrcishShield",
			"300ArmorGlassNordicShield",
			"300ArmorGlassImperialShield",
			"300ArmorGlassImperialLightShield",
			"300ArmorGlassHideShield",
			"300ArmorGlassDunmerShield",
			"300ArmorGlassDremoraShield",
			"300ArmorGlassBladesShield",
			"300ArmorGlassBasicShieldHeavy",
			"300ArmorGlassBasicShield",
			"300ArmorGlassDwemerShield",
			"300DLC2ArmorGlassSkaalShield",
			"300ArmorCSWAPGlassAltmerShield",
			"300ArmorCSWAPGlassOrnateShield",
			"300ArmorCSWAPGlassOrcishShield",
			"300ArmorCSWAPGlassNordicShield",
			"300ArmorCSWAPGlassImperialShield",
			"300ArmorCSWAPGlassDunmerShield",
			"300ArmorCSWAPGlassDremoraShield",
			"300ArmorCSWAPGlassBladesShield",
			"300ArmorCSWAPGlassBasicShieldHeavy",
			"300ArmorCSWAPGlassBasicShield",
			"300ArmorCSWAPGlassDwemerShield",
			"300DLC2ArmorCSWAPGlassSkaalShield",
			
			
			"300ArmorEbonyAltmerShield",
			"300ArmorEbonyOrnateShield",
			"300ArmorEbonyOrcishShield",
			"300ArmorEbonyNordicShield",
			"300ArmorEbonyImperialShield",
			"300ArmorEbonyImperialLightShield",
			"300ArmorEbonyHideShield",
			"300ArmorEbonyDunmerShield",
			"300ArmorEbonyDremoraShield",
			"300ArmorEbonyBladesShield",
			"300ArmorEbonyBasicShieldHeavy",
			"300ArmorEbonyBasicShield",
			"300ArmorEbonyDwemerShield",
			"300DLC2ArmorEbonySkaalShield",
			"300ArmorALTEbonyAltmerShield",
			"300ArmorALTEbonyOrnateShield",
			"300ArmorALTEbonyOrcishShield",
			"300ArmorALTEbonyNordicShield",
			"300ArmorALTEbonyImperialShield",
			"300ArmorALTEbonyImperialLightShield",
			"300ArmorALTEbonyHideShield",
			"300ArmorALTEbonyDunmerShield",
			"300ArmorALTEbonyDremoraShield",
			"300ArmorALTEbonyBladesShield",
			"300ArmorALTEbonyBasicShieldHeavy",
			"300ArmorALTEbonyBasicShield",
			"300ArmorALTEbonyDwemerShield",
			"300DLC2ArmorALTEbonySkaalShield",
			
			
			"300ArmorDaedricAltmerShield",
			"300ArmorDaedricOrnateShield",
			"300ArmorDaedricOrcishShield",
			"300ArmorDaedricNordicShield",
			"300ArmorDaedricImperialShield",
			"300ArmorDaedricImperialLightShield",
			"300ArmorDaedricHideShield",
			"300ArmorDaedricDunmerShield",
			"300ArmorDaedricDremoraShield",
			"300ArmorDaedricBladesShield",
			"300ArmorDaedricBasicShieldHeavy",
			"300ArmorDaedricBasicShield",
			"300ArmorDaedricDwemerShield",
			"300DLC2ArmorDaedricSkaalShield",
			"300ArmorALTDaedricAltmerShield",
			"300ArmorALTDaedricOrnateShield",
			"300ArmorALTDaedricOrcishShield",
			"300ArmorALTDaedricNordicShield",
			"300ArmorALTDaedricImperialShield",
			"300ArmorALTDaedricImperialLightShield",
			"300ArmorALTDaedricHideShield",
			"300ArmorALTDaedricDunmerShield",
			"300ArmorALTDaedricDremoraShield",
			"300ArmorALTDaedricBladesShield",
			"300ArmorALTDaedricBasicShieldHeavy",
			"300ArmorALTDaedricBasicShield",
			"300ArmorALTDaedricDwemerShield",
			"300DLC2ArmorALTDaedricSkaalShield",
		],
		
		"LeveledListPrefix": "SublistEnchArmorShield_",
		"LeveledListSuffix": "_05",
		
		"Enchantments": [
			{
				"EditorID": "EnchArmorResistFire05",
				"Suffix": " of Fire Abatement"
			},
			{
				"EditorID": "EnchArmorResistFrost05",
				"Suffix": " of Frost Abatement"
			},
			{
				"EditorID": "EnchArmorResistShock05",
				"Suffix": " of Shock Abatement"
			},
			{
				"EditorID": "EnchArmorFortifyBlock05",
				"Suffix": " of Extreme Blocking"
			},
			{
				"EditorID": "EnchArmorResistMagic05",
				"Suffix": " of Magic Abatement"
			}
		]
	}
}

