{
	"InputArmors": {
		"ArmorEditorIDs": [
			"300ArmorIronAltmerGauntlets",
			"300ArmorIronAncientGauntlets",
			"300ArmorIronBasicGauntlets",
			"300ArmorIronBladesGauntlets",
			"300ArmorIronDremoraGauntlets",
			"300ArmorIronDunmerGauntlets",
			"300ArmorIronDwemerGauntlets",
			"300ArmorIronImperialGauntlets",
			"300ArmorIronNordicGauntlets",
			"300ArmorIronNordicPlateGauntlets",
			"300ArmorIronOrcishGauntlets",
			"300ArmorIronOrnateGauntlets",
			"300DLC2ArmorIronSkaalGauntlets",
			
			
			"300ArmorSteelAltmerGauntlets",
			"300ArmorSteelAncientGauntlets",
			"300ArmorSteelBasicGauntlets",
			"300ArmorSteelBladesGauntlets",
			"300ArmorSteelDremoraGauntlets",
			"300ArmorSteelDunmerGauntlets",
			"300ArmorSteelDwemerGauntlets",
			"300ArmorSteelImperialGauntlets",
			"300ArmorSteelNordicGauntlets",
			"300ArmorSteelNordicPlateGauntlets",
			"300ArmorSteelOrcishGauntlets",
			"300ArmorSteelOrnateGauntlets",
			"300DLC2ArmorSteelSkaalGauntlets",
		],
		
		"LeveledListPrefix": "SublistEnchArmorGauntletsHeavy_",
		"LeveledListSuffix": "_01",
		
		"Enchantments": [
			{
				"EditorID": "EnchArmorFortifyAlchemy01",
				"Suffix": " of Minor Alchemy"
			},
			{
				"EditorID": "EnchArmorFortifyMarksman01",
				"Suffix": " of Minor Archery"
			},
			{
				"EditorID": "EnchArmorFortifyOneHanded01",
				"Suffix": " of Minor Wielding"
			},
			{
				"EditorID": "EnchArmorFortifyTwoHanded01",
				"Suffix": " of Minor Sure Grip"
			},
			{
				"EditorID": "EnchArmorFortifySmithing01",
				"Suffix": " of Minor Smithing"
			}
		]
	}
}

