{
	"InputArmors": {
		"ArmorEditorIDs": [
			"300ArmorIronBasicBoots",
			"300ArmorIronAltmerBoots",
			"300ArmorIronAncientBoots",
			"300ArmorIronBladesBoots",
			"300ArmorIronDunmerBoots",
			"300ArmorIronDremoraBoots",
			"300ArmorIronDwemerBoots",
			"300ArmorIronImperialBoots",
			"300ArmorIronNordicBoots",
			"300ArmorIronNordicPlateBoots",
			"300ArmorIronOrcishBoots",
			"300ArmorIronOrnateBoots",
			"300DLC2ArmorIronSkaalBoots",
			
			
			"300ArmorSteelBasicBoots",
			"300ArmorSteelAltmerBoots",
			"300ArmorSteelAncientBoots",
			"300ArmorSteelBladesBoots",
			"300ArmorSteelDunmerBoots",
			"300ArmorSteelDremoraBoots",
			"300ArmorSteelDwemerBoots",
			"300ArmorSteelImperialBoots",
			"300ArmorSteelNordicBoots",
			"300ArmorSteelNordicPlateBoots",
			"300ArmorSteelOrcishBoots",
			"300ArmorSteelOrnateBoots",
			"300DLC2ArmorSteelSkaalBoots",
			
			
			"300ArmorMoonstoneAltmerBoots",
			"300ArmorMoonstoneAncientBoots",
			"300ArmorMoonstoneBasicBoots",
			"300ArmorMoonstoneBladesBoots",
			"300ArmorMoonstoneDunmerBoots",
			"300ArmorMoonstoneDremoraBoots",
			"300ArmorMoonstoneDwemerBoots",
			"300ArmorMoonstoneImperialBoots",
			"300ArmorMoonstoneNordicBoots",
			"300ArmorMoonstoneNordicPlateBoots",
			"300ArmorMoonstoneOrcishBoots",
			"300ArmorMoonstoneOrnateBoots",
			"300DLC2ArmorMoonstoneSkaalBoots",
			
			
			"300ArmorOrichalcumBasicBoots",
			"300ArmorOrichalcumAltmerBoots",
			"300ArmorOrichalcumAncientBoots",
			"300ArmorOrichalcumBladesBoots",
			"300ArmorOrichalcumDunmerBoots",
			"300ArmorOrichalcumDremoraBoots",
			"300ArmorOrichalcumDwemerBoots",
			"300ArmorOrichalcumImperialBoots",
			"300ArmorOrichalcumNordicBoots",
			"300ArmorOrichalcumNordicPlateBoots",
			"300ArmorOrichalcumOrcishBoots",
			"300ArmorOrichalcumOrnateBoots",
			"300DLC2ArmorOrichalcumSkaalBoots",
			
			
			"300ArmorDwarvenBasicBoots",
			"300ArmorDwarvenAltmerBoots",
			"300ArmorDwarvenAncientBoots",
			"300ArmorDwarvenBladesBoots",
			"300ArmorDwarvenDunmerBoots",
			"300ArmorDwarvenDremoraBoots",
			"300ArmorDwarvenDwemerBoots",
			"300ArmorDwarvenImperialBoots",
			"300ArmorDwarvenNordicBoots",
			"300ArmorDwarvenNordicPlateBoots",
			"300ArmorDwarvenOrcishBoots",
			"300ArmorDwarvenOrnateBoots",
			"300DLC2ArmorDwarvenSkaalBoots",
			
			
			"300ArmorSilverAltmerBoots",
			"300ArmorSilverAncientBoots",
			"300ArmorSilverBasicBoots",
			"300ArmorSilverBladesBoots",
			"300ArmorSilverDunmerBoots",
			"300ArmorSilverDremoraBoots",
			"300ArmorSilverDwemerBoots",
			"300ArmorSilverImperialBoots",
			"300ArmorSilverNordicBoots",
			"300ArmorSilverNordicPlateBoots",
			"300ArmorSilverOrcishBoots",
			"300ArmorSilverOrnateBoots",
			"300DLC2ArmorSilverSkaalBoots",
			
			
			"300ArmorGlassOrnateBoots",
			"300ArmorGlassAltmerBoots",
			"300ArmorGlassAncientBoots",
			"300ArmorGlassBasicBoots",
			"300ArmorGlassBladesBoots",
			"300ArmorGlassDunmerBoots",
			"300ArmorGlassDremoraBoots",
			"300ArmorGlassDwemerBoots",
			"300ArmorGlassImperialBoots",
			"300ArmorGlassNordicBoots",
			"300ArmorGlassNordicPlateBoots",
			"300ArmorGlassOrcishBoots",
			"300DLC2ArmorGlassSkaalBoots",
			
			
			"300ArmorEbonyDunmerBoots",
			"300ArmorEbonyAltmerBoots",
			"300ArmorEbonyAncientBoots",
			"300ArmorEbonyBasicBoots",
			"300ArmorEbonyBladesBoots",
			"300ArmorEbonyDremoraBoots",
			"300ArmorEbonyDwemerBoots",
			"300ArmorEbonyImperialBoots",
			"300ArmorEbonyNordicBoots",
			"300ArmorEbonyNordicPlateBoots",
			"300ArmorEbonyOrcishBoots",
			"300ArmorEbonyOrnateBoots",
			"300DLC2ArmorEbonySkaalBoots",
			"300ArmorALTEbonyAltmerBoots",
			"300ArmorALTEbonyAncientBoots",
			"300ArmorALTEbonyBasicBoots",
			"300ArmorALTEbonyBladesBoots",
			"300ArmorALTEbonyDunmerBoots",
			"300ArmorALTEbonyDremoraBoots",
			"300ArmorALTEbonyDwemerBoots",
			"300ArmorALTEbonyImperialBoots",
			"300ArmorALTEbonyNordicBoots",
			"300ArmorALTEbonyNordicPlateBoots",
			"300ArmorALTEbonyOrcishBoots",
			"300ArmorALTEbonyOrnateBoots",
			"300DLC2ArmorALTEbonySkaalBoots"
		],
		
		"LeveledListPrefix": "SublistEnchArmorBootsHeavy_",
		"LeveledListSuffix": "_03",
		
		"Enchantments": [
			{
				"EditorID": "EnchArmorFortifyStamina03",
				"Suffix": " of Major Stamina"
			},
			{
				"EditorID": "EnchArmorFortifyCarry03",
				"Suffix": " of Strength"
			},
			{
				"EditorID": "EnchArmorResistFire03",
				"Suffix": " of Dwindling Flames"
			},
			{
				"EditorID": "EnchArmorResistFrost03",
				"Suffix": " of Dwindling Frost"
			},
			{
				"EditorID": "EnchArmorResistShock03",
				"Suffix": " of Dwindling Shock"
			}
		]
	}
}

