{
	"InputArmors": {
		"ArmorEditorIDs": [
			"300ArmorDaedricHideCuirass01",
			"300ArmorDaedricHideCuirass02",
			"300ArmorDaedricHideCuirass03",
			"300ArmorDaedricImperialLightCuirass",
			"300ArmorDaedricImperialMediumCuirass",
			"300ArmorDaedricLeatherCuirass",
			"300ArmorDaedricLeatherCuirassAlt",
			"300ArmorDaedricStormCloakCuirass",
			"300ArmorDaedricStormCloakCuirassAlt",
			"300ArmorDaedricStormCloakCuirassSleeves",
			"300ArmorDaedricStormCloakCuirassSleevesAlt",
			"300ArmorALTDaedricHideCuirass01",
			"300ArmorALTDaedricHideCuirass02",
			"300ArmorALTDaedricHideCuirass03",
			"300ArmorALTDaedricImperialLightCuirass",
			"300ArmorALTDaedricImperialMediumCuirass",
			"300ArmorALTDaedricLeatherCuirass",
			"300ArmorALTDaedricLeatherCuirassAlt",
			"300ArmorALTDaedricStormCloakCuirass",
			"300ArmorALTDaedricStormCloakCuirassAlt",
			"300ArmorALTDaedricStormCloakCuirassSleeves",
			"300ArmorALTDaedricStormCloakCuirassSleevesAlt",
		],
		
		"LeveledListPrefix": "SublistEnchArmorCuirassLight_",
		"LeveledListSuffix": "_06",
		
		"Enchantments": [
			{
				"EditorID": "EnchArmorFortifyAlteration06",
				"Suffix": " of Peerless Alteration"
			},
			{
				"EditorID": "EnchArmorFortifyConjuration06",
				"Suffix": " of Peerless Conjuration"
			},
			{
				"EditorID": "EnchArmorFortifyDestruction06",
				"Suffix": " of Peerless Destruction"
			},
			{
				"EditorID": "EnchArmorFortifyIllusion06",
				"Suffix": " of Peerless Illusion"
			},
			{
				"EditorID": "EnchArmorFortifyRestoration06",
				"Suffix": " of Peerless Restoration"
			},
			{
				"EditorID": "EnchArmorFortifyMagicka06",
				"Suffix": " of Peerless Magicka"
			},
			{
				"EditorID": "EnchArmorFortifyHealth01",
				"Suffix": " of Minor Health"
			},
			{
				"EditorID": "EnchArmorFortifyHealth06",
				"Suffix": " of Peerless Health"
			},
			{
				"EditorID": "EnchArmorFortifyLightArmor06",
				"Suffix": " of the Peerless Squire"
			}
		]
	}
}

