{
	"InputArmors": {
		"ArmorEditorIDs": [
			"300ArmorALTDaedricHideGauntlets",
			"300ArmorALTDaedricHideGauntlets01",
			"300ArmorALTDaedricImperialLightGauntlets",
			"300ArmorALTDaedricLeatherGauntlets",
			"300ArmorALTDaedricStuddedLeatherGauntlets",
			"300ArmorALTDaedricStormCloakBearGauntlets",
			"300DLC1ArmorALTDaedricVampireGauntlets",
			"300ArmorDaedricHideGauntlets",
			"300ArmorDaedricHideGauntlets01",
			"300ArmorDaedricImperialLightGauntlets",
			"300ArmorDaedricLeatherGauntlets",
			"300ArmorDaedricStuddedLeatherGauntlets",
			"300ArmorDaedricStormCloakBearGauntlets",
			"300DLC1ArmorDaedricVampireGauntlets"
		],
		
		"LeveledListPrefix": "SublistEnchArmorGauntletsLight_",
		"LeveledListSuffix": "_06",
		
		"Enchantments": [
			{
				"EditorID": "EnchArmorFortifyAlchemy06",
				"Suffix": " of Peerless Alchemy"
			},
			{
				"EditorID": "EnchArmorFortifyMarksman06",
				"Suffix": " of Peerless Archery"
			},
			{
				"EditorID": "EnchArmorFortifyOneHanded06",
				"Suffix": " of Peerless Wielding"
			},
			{
				"EditorID": "EnchArmorFortifyTwoHanded06",
				"Suffix": " of Peerless Sure Grip"
			},
			{
				"EditorID": "EnchArmorFortifySmithing06",
				"Suffix": " of Peerless Smithing"
			},
			{
				"EditorID": "EnchArmorFortifyPickpocket06",
				"Suffix": " of Peerless Deft Hands"
			}
		]
	}
}

