{
	"InputArmors": {
		"ArmorEditorIDs": [
			"300ArmorIronBasicHelmet",
			"300ArmorIronHideHelmet",
			"300ArmorIronHideHelmet01",
			"300ArmorIronLeatherHelmet",
			"300ArmorIronLeatherHelmetAlt",
			"300ArmorIronStuddedLeatherHelmet",
			"300ArmorIronAncientHelmet",
			"300ArmorIronAltmerHelmet",
			"300ArmorIronBladesHelmet",
			"300ArmorIronDremoraHelmet",
			"300ArmorIronDunmerHelmet",
			"300ArmorIronDwemerHelmet",
			"300ArmorIronNordicHelmet",
			"300ArmorIronNordicBHelmet",
			"300ArmorIronNordicPlateHelmet",
			"300ArmorIronOrcishHelmet",
			"300ArmorIronOrnateHelmet",
			"300ArmorIronImperialHelmetMedium",
			"300ArmorIronImperialLightHelmet",
			"300ArmorIronStormCloakHelmet",
			"300DLC2ArmorIronSkaalHelmet",
			
			
			"300ArmorSteelBasicHelmet",
			"300ArmorSteelHideHelmet",
			"300ArmorSteelHideHelmet01",
			"300ArmorSteelLeatherHelmet",
			"300ArmorSteelLeatherHelmetAlt",
			"300ArmorSteelStuddedLeatherHelmet",
			"300ArmorSteelAncientHelmet",
			"300ArmorSteelAltmerHelmet",
			"300ArmorSteelBladesHelmet",
			"300ArmorSteelDremoraHelmet",
			"300ArmorSteelDunmerHelmet",
			"300ArmorSteelDwemerHelmet",
			"300ArmorSteelNordicHelmet",
			"300ArmorSteelNordicBHelmet",
			"300ArmorSteelNordicPlateHelmet",
			"300ArmorSteelOrcishHelmet",
			"300ArmorSteelOrnateHelmet",
			"300ArmorSteelImperialHelmetMedium",
			"300ArmorSteelImperialLightHelmet",
			"300ArmorSteelStormCloakHelmet",
			"300DLC2ArmorSteelSkaalHelmet"
		],
		
		"LeveledListPrefix": "SublistEnchArmorHelmet_",
		"LeveledListSuffix": "_01",
		
		"Enchantments": [
			{
				"EditorID": "EnchArmorFortifyAlchemy01",
				"Suffix": " of Minor Alchemy"
			},
			{
				"EditorID": "EnchArmorFortifyAlteration01",
				"Suffix": " of Minor Alteration"
			},
			{
				"EditorID": "EnchArmorFortifyConjuration01",
				"Suffix": " of Minor Conjuration"
			},
			{
				"EditorID": "EnchArmorFortifyDestruction01",
				"Suffix": " of Minor Destruction"
			},
			{
				"EditorID": "EnchArmorFortifyIllusion01",
				"Suffix": " of Minor Illusion"
			},
			{
				"EditorID": "EnchArmorFortifyRestoration01",
				"Suffix": " of Minor Restoration"
			},
			{
				"EditorID": "EnchArmorFortifyMarksman01",
				"Suffix": " of Minor Archery"
			},
			{
				"EditorID": "EnchArmorFortifyMagicka01",
				"Suffix": " of Minor Magicka"
			},
			{
				"EditorID": "EnchArmorWaterbreathing",
				"Suffix": " of Waterbreathing"
			}
		]
	}
}

