{
	"InputArmors": {
		"ArmorEditorIDs": [
			"300ArmorIronHideCuirass01",
			"300ArmorIronHideCuirass02",
			"300ArmorIronHideCuirass03",
			"300ArmorIronImperialLightCuirass",
			"300ArmorIronImperialMediumCuirass",
			"300ArmorIronLeatherCuirass",
			"300ArmorIronLeatherCuirassAlt",
			"300ArmorIronStormCloakCuirass",
			"300ArmorIronStormCloakCuirassAlt",
			"300ArmorIronStormCloakCuirassSleeves",
			"300ArmorIronStormCloakCuirassSleevesAlt",
			
			
			"300ArmorSteelHideCuirass01",
			"300ArmorSteelHideCuirass02",
			"300ArmorSteelHideCuirass03",
			"300ArmorSteelImperialLightCuirass",
			"300ArmorSteelImperialMediumCuirass",
			"300ArmorSteelLeatherCuirass",
			"300ArmorSteelLeatherCuirassAlt",
			"300ArmorSteelStormCloakCuirass",
			"300ArmorSteelStormCloakCuirassAlt",
			"300ArmorSteelStormCloakCuirassSleeves",
			"300ArmorSteelStormCloakCuirassSleevesAlt",
			
			
			"300ArmorOrichalcumHideCuirass01",
			"300ArmorOrichalcumHideCuirass02",
			"300ArmorOrichalcumHideCuirass03",
			"300ArmorOrichalcumImperialLightCuirass",
			"300ArmorOrichalcumImperialMediumCuirass",
			"300ArmorOrichalcumLeatherCuirass",
			"300ArmorOrichalcumLeatherCuirassAlt",
			"300ArmorOrichalcumStormCloakCuirass",
			"300ArmorOrichalcumStormCloakCuirassAlt",
			"300ArmorOrichalcumStormCloakCuirassSleeves",
			"300ArmorOrichalcumStormCloakCuirassSleevesAlt",
			
			
			"300ArmorMoonstoneHideCuirass01",
			"300ArmorMoonstoneHideCuirass02",
			"300ArmorMoonstoneHideCuirass03",
			"300ArmorMoonstoneImperialLightCuirass",
			"300ArmorMoonstoneImperialMediumCuirass",
			"300ArmorMoonstoneLeatherCuirass",
			"300ArmorMoonstoneLeatherCuirassAlt",
			"300ArmorMoonstoneStormCloakCuirass",
			"300ArmorMoonstoneStormCloakCuirassAlt",
			"300ArmorMoonstoneStormCloakCuirassSleeves",
			"300ArmorMoonstoneStormCloakCuirassSleevesAlt",
			"300ArmorCSWAPMoonstoneAltmerCuirassLight",
			"300ArmorCSWAPMoonstoneAltmerCuirass",
			"300ArmorCSWAPMoonstoneBasicCuirass",
			"300ArmorCSWAPMoonstoneBasicCuirassPlate",
			"300ArmorCSWAPMoonstoneBladesCuirass",
			"300ArmorCSWAPMoonstoneDremoraCuirass",
			"300ArmorCSWAPMoonstoneDunmerCuirass",
			"300ArmorCSWAPMoonstoneDunmerMailCuirass",
			"300ArmorCSWAPMoonstoneDwemerCuirass",
			"300ArmorCSWAPMoonstoneImperialCuirass",
			"300ArmorCSWAPMoonstoneNordicCuirass",
			"300ArmorCSWAPMoonstoneNordicBCuirass",
			"300ArmorCSWAPMoonstoneNordicPlateCuirass",
			"300ArmorCSWAPMoonstoneOrcishCuirass",
			"300ArmorCSWAPMoonstoneOrnateCuirass",
			"300DLC2ArmorCSWAPMoonstoneSkaalCuirass",
		],
		
		"LeveledListPrefix": "SublistEnchArmorCuirassLight_",
		"LeveledListSuffix": "_02",
		
		"Enchantments": [
			{
				"EditorID": "EnchArmorFortifyAlteration02",
				"Suffix": " of Alteration"
			},
			{
				"EditorID": "EnchArmorFortifyConjuration02",
				"Suffix": " of Conjuration"
			},
			{
				"EditorID": "EnchArmorFortifyDestruction02",
				"Suffix": " of Destruction"
			},
			{
				"EditorID": "EnchArmorFortifyIllusion02",
				"Suffix": " of Illusion"
			},
			{
				"EditorID": "EnchArmorFortifyRestoration02",
				"Suffix": " of Restoration"
			},
			{
				"EditorID": "EnchArmorFortifyMagicka02",
				"Suffix": " of Magicka"
			},
			{
				"EditorID": "EnchArmorFortifyStamina02",
				"Suffix": " of Stamina"
			},
			{
				"EditorID": "EnchArmorFortifyHealth02",
				"Suffix": " of Health"
			},
			{
				"EditorID": "EnchArmorFortifyLightArmor02",
				"Suffix": " of the Squire"
			}
		]
	}
}

