{
	"InputArmors": {
		"ArmorEditorIDs": [
			"300ArmorIronHideGauntlets",
			"300ArmorIronHideGauntlets01",
			"300ArmorIronImperialLightGauntlets",
			"300ArmorIronLeatherGauntlets",
			"300ArmorIronStuddedLeatherGauntlets",
			"300ArmorIronStormCloakBearGauntlets",
			"300DLC1ArmorIronVampireGauntlets",
			
			
			"300ArmorSteelHideGauntlets",
			"300ArmorSteelHideGauntlets01",
			"300ArmorSteelImperialLightGauntlets",
			"300ArmorSteelLeatherGauntlets",
			"300ArmorSteelStuddedLeatherGauntlets",
			"300ArmorSteelStormCloakBearGauntlets",
			"300DLC1ArmorSteelVampireGauntlets"
		],
		
		"LeveledListPrefix": "SublistEnchArmorGauntletsLight_",
		"LeveledListSuffix": "_01",
		
		"Enchantments": [
			{
				"EditorID": "EnchArmorFortifyAlchemy01",
				"Suffix": " of Minor Alchemy"
			},
			{
				"EditorID": "EnchArmorFortifyMarksman01",
				"Suffix": " of Minor Archery"
			},
			{
				"EditorID": "EnchArmorFortifyOneHanded01",
				"Suffix": " of Minor Wielding"
			},
			{
				"EditorID": "EnchArmorFortifyTwoHanded01",
				"Suffix": " of Minor Sure Grip"
			},
			{
				"EditorID": "EnchArmorFortifySmithing01",
				"Suffix": " of Minor Smithing"
			},
			{
				"EditorID": "EnchArmorFortifyPickpocket01",
				"Suffix": " of Minor Deft Hands"
			},
			{
				"EditorID": "EnchArmorFortifyLockpicking01",
				"Suffix": " of Minor Lockpicking"
			}
		]
	}
}

