{
	"InputArmors": {
		"ArmorEditorIDs": [
			"300ArmorDaedricDremoraBoots",
			"300ArmorDaedricAltmerBoots",
			"300ArmorDaedricAncientBoots",
			"300ArmorDaedricBasicBoots",
			"300ArmorDaedricBladesBoots",
			"300ArmorDaedricDunmerBoots",
			"300ArmorDaedricDwemerBoots",
			"300ArmorDaedricImperialBoots",
			"300ArmorDaedricNordicBoots",
			"300ArmorDaedricNordicPlateBoots",
			"300ArmorDaedricOrcishBoots",
			"300ArmorDaedricOrnateBoots",
			"300DLC2ArmorDaedricSkaalBoots",
			"300ArmorALTDaedricAltmerBoots",
			"300ArmorALTDaedricAncientBoots",
			"300ArmorALTDaedricBasicBoots",
			"300ArmorALTDaedricBladesBoots",
			"300ArmorALTDaedricDunmerBoots",
			"300ArmorALTDaedricDremoraBoots",
			"300ArmorALTDaedricDwemerBoots",
			"300ArmorALTDaedricImperialBoots",
			"300ArmorALTDaedricNordicBoots",
			"300ArmorALTDaedricNordicPlateBoots",
			"300ArmorALTDaedricOrcishBoots",
			"300ArmorALTDaedricOrnateBoots",
			"300DLC2ArmorALTDaedricSkaalBoots"
		],
		
		"LeveledListPrefix": "SublistEnchArmorBootsHeavy_",
		"LeveledListSuffix": "_06",
		
		"Enchantments": [
			{
				"EditorID": "EnchArmorFortifyStamina06",
				"Suffix": " of Peerless Stamina"
			},
			{
				"EditorID": "EnchArmorFortifyCarry06",
				"Suffix": " of the Mammoth"
			},
			{
				"EditorID": "EnchArmorResistFire06",
				"Suffix": " of Firewalker"
			},
			{
				"EditorID": "EnchArmorResistFrost06",
				"Suffix": " of Warmth"
			},
			{
				"EditorID": "EnchArmorResistShock06",
				"Suffix": " of Grounding"
			}
		]
	}
}

