{
	"InputArmors": {
		"ArmorEditorIDs": [
			"300ArmorIronBasicBoots",
			"300ArmorIronAltmerBoots",
			"300ArmorIronAncientBoots",
			"300ArmorIronBladesBoots",
			"300ArmorIronDunmerBoots",
			"300ArmorIronDremoraBoots",
			"300ArmorIronDwemerBoots",
			"300ArmorIronImperialBoots",
			"300ArmorIronNordicBoots",
			"300ArmorIronNordicPlateBoots",
			"300ArmorIronOrcishBoots",
			"300ArmorIronOrnateBoots",
			"300DLC2ArmorIronSkaalBoots",
			
			
			"300ArmorSteelBasicBoots",
			"300ArmorSteelAltmerBoots",
			"300ArmorSteelAncientBoots",
			"300ArmorSteelBladesBoots",
			"300ArmorSteelDunmerBoots",
			"300ArmorSteelDremoraBoots",
			"300ArmorSteelDwemerBoots",
			"300ArmorSteelImperialBoots",
			"300ArmorSteelNordicBoots",
			"300ArmorSteelNordicPlateBoots",
			"300ArmorSteelOrcishBoots",
			"300ArmorSteelOrnateBoots",
			"300DLC2ArmorSteelSkaalBoots",
			
			
			"300ArmorOrichalcumBasicBoots",
			"300ArmorOrichalcumAltmerBoots",
			"300ArmorOrichalcumAncientBoots",
			"300ArmorOrichalcumBladesBoots",
			"300ArmorOrichalcumDunmerBoots",
			"300ArmorOrichalcumDremoraBoots",
			"300ArmorOrichalcumDwemerBoots",
			"300ArmorOrichalcumImperialBoots",
			"300ArmorOrichalcumNordicBoots",
			"300ArmorOrichalcumNordicPlateBoots",
			"300ArmorOrichalcumOrcishBoots",
			"300ArmorOrichalcumOrnateBoots",
			"300DLC2ArmorOrichalcumSkaalBoots",
			
			
			"300ArmorMoonstoneAltmerBoots",
			"300ArmorMoonstoneAncientBoots",
			"300ArmorMoonstoneBasicBoots",
			"300ArmorMoonstoneBladesBoots",
			"300ArmorMoonstoneDunmerBoots",
			"300ArmorMoonstoneDremoraBoots",
			"300ArmorMoonstoneDwemerBoots",
			"300ArmorMoonstoneImperialBoots",
			"300ArmorMoonstoneNordicBoots",
			"300ArmorMoonstoneNordicPlateBoots",
			"300ArmorMoonstoneOrcishBoots",
			"300ArmorMoonstoneOrnateBoots",
			"300DLC2ArmorMoonstoneSkaalBoots"
		],
		
		"LeveledListPrefix": "SublistEnchArmorBootsHeavy_",
		"LeveledListSuffix": "_02",
		
		"Enchantments": [
			{
				"EditorID": "EnchArmorFortifyStamina02",
				"Suffix": " of Stamina"
			},
			{
				"EditorID": "EnchArmorFortifyCarry02",
				"Suffix": " of Hauling"
			},
			{
				"EditorID": "EnchArmorResistFire02",
				"Suffix": " of Waning Fire"
			},
			{
				"EditorID": "EnchArmorResistFrost02",
				"Suffix": " of Waning Frost"
			},
			{
				"EditorID": "EnchArmorResistShock02",
				"Suffix": " of Waning Shock"
			}
		]
	}
}

