{
	"InputArmors": {
		"ArmorEditorIDs": [
			"300ArmorIronAltmerGauntlets",
			"300ArmorIronAncientGauntlets",
			"300ArmorIronBasicGauntlets",
			"300ArmorIronBladesGauntlets",
			"300ArmorIronDremoraGauntlets",
			"300ArmorIronDunmerGauntlets",
			"300ArmorIronDwemerGauntlets",
			"300ArmorIronImperialGauntlets",
			"300ArmorIronNordicGauntlets",
			"300ArmorIronNordicPlateGauntlets",
			"300ArmorIronOrcishGauntlets",
			"300ArmorIronOrnateGauntlets",
			"300DLC2ArmorIronSkaalGauntlets",
			
			
			"300ArmorSteelAltmerGauntlets",
			"300ArmorSteelAncientGauntlets",
			"300ArmorSteelBasicGauntlets",
			"300ArmorSteelBladesGauntlets",
			"300ArmorSteelDremoraGauntlets",
			"300ArmorSteelDunmerGauntlets",
			"300ArmorSteelDwemerGauntlets",
			"300ArmorSteelImperialGauntlets",
			"300ArmorSteelNordicGauntlets",
			"300ArmorSteelNordicPlateGauntlets",
			"300ArmorSteelOrcishGauntlets",
			"300ArmorSteelOrnateGauntlets",
			"300DLC2ArmorSteelSkaalGauntlets",
			
			
			"300ArmorOrichalcumAltmerGauntlets",
			"300ArmorOrichalcumAncientGauntlets",
			"300ArmorOrichalcumBasicGauntlets",
			"300ArmorOrichalcumBladesGauntlets",
			"300ArmorOrichalcumDremoraGauntlets",
			"300ArmorOrichalcumDunmerGauntlets",
			"300ArmorOrichalcumDwemerGauntlets",
			"300ArmorOrichalcumImperialGauntlets",
			"300ArmorOrichalcumNordicGauntlets",
			"300ArmorOrichalcumNordicPlateGauntlets",
			"300ArmorOrichalcumOrcishGauntlets",
			"300ArmorOrichalcumOrnateGauntlets",
			"300DLC2ArmorOrichalcumSkaalGauntlets",
			
			
			"300ArmorMoonstoneAltmerGauntlets",
			"300ArmorMoonstoneAncientGauntlets",
			"300ArmorMoonstoneBasicGauntlets",
			"300ArmorMoonstoneBladesGauntlets",
			"300ArmorMoonstoneDremoraGauntlets",
			"300ArmorMoonstoneDunmerGauntlets",
			"300ArmorMoonstoneDwemerGauntlets",
			"300ArmorMoonstoneImperialGauntlets",
			"300ArmorMoonstoneNordicGauntlets",
			"300ArmorMoonstoneNordicPlateGauntlets",
			"300ArmorMoonstoneOrcishGauntlets",
			"300ArmorMoonstoneOrnateGauntlets",
			"300DLC2ArmorMoonstoneSkaalGauntlets",
			
			
			"300ArmorDwarvenAltmerGauntlets",
			"300ArmorDwarvenAncientGauntlets",
			"300ArmorDwarvenBasicGauntlets",
			"300ArmorDwarvenBladesGauntlets",
			"300ArmorDwarvenDremoraGauntlets",
			"300ArmorDwarvenDunmerGauntlets",
			"300ArmorDwarvenDwemerGauntlets",
			"300ArmorDwarvenImperialGauntlets",
			"300ArmorDwarvenNordicGauntlets",
			"300ArmorDwarvenNordicPlateGauntlets",
			"300ArmorDwarvenOrcishGauntlets",
			"300ArmorDwarvenOrnateGauntlets",
			"300DLC2ArmorDwarvenSkaalGauntlets",
			
			
			"300ArmorSilverAltmerGauntlets",
			"300ArmorSilverAncientGauntlets",
			"300ArmorSilverBasicGauntlets",
			"300ArmorSilverBladesGauntlets",
			"300ArmorSilverDremoraGauntlets",
			"300ArmorSilverDunmerGauntlets",
			"300ArmorSilverDwemerGauntlets",
			"300ArmorSilverImperialGauntlets",
			"300ArmorSilverNordicGauntlets",
			"300ArmorSilverNordicPlateGauntlets",
			"300ArmorSilverOrcishGauntlets",
			"300ArmorSilverOrnateGauntlets",
			"300DLC2ArmorSilverSkaalGauntlets",
			
			
			"300ArmorGlassAltmerGauntlets",
			"300ArmorGlassAncientGauntlets",
			"300ArmorGlassBasicGauntlets",
			"300ArmorGlassBladesGauntlets",
			"300ArmorGlassDremoraGauntlets",
			"300ArmorGlassDunmerGauntlets",
			"300ArmorGlassDwemerGauntlets",
			"300ArmorGlassImperialGauntlets",
			"300ArmorGlassNordicGauntlets",
			"300ArmorGlassNordicPlateGauntlets",
			"300ArmorGlassOrcishGauntlets",
			"300ArmorGlassOrnateGauntlets",
			"300DLC2ArmorGlassSkaalGauntlets",
			
			
			"300ArmorEbonyAltmerGauntlets",
			"300ArmorEbonyAncientGauntlets",
			"300ArmorEbonyBasicGauntlets",
			"300ArmorEbonyBladesGauntlets",
			"300ArmorEbonyDremoraGauntlets",
			"300ArmorEbonyDunmerGauntlets",
			"300ArmorEbonyDwemerGauntlets",
			"300ArmorEbonyImperialGauntlets",
			"300ArmorEbonyNordicGauntlets",
			"300ArmorEbonyNordicPlateGauntlets",
			"300ArmorEbonyOrcishGauntlets",
			"300ArmorEbonyOrnateGauntlets",
			"300DLC2ArmorEbonySkaalGauntlets",
			"300ArmorALTEbonyAltmerGauntlets",
			"300ArmorALTEbonyAncientGauntlets",
			"300ArmorALTEbonyBasicGauntlets",
			"300ArmorALTEbonyBladesGauntlets",
			"300ArmorALTEbonyDremoraGauntlets",
			"300ArmorALTEbonyDunmerGauntlets",
			"300ArmorALTEbonyDwemerGauntlets",
			"300ArmorALTEbonyImperialGauntlets",
			"300ArmorALTEbonyNordicGauntlets",
			"300ArmorALTEbonyNordicPlateGauntlets",
			"300ArmorALTEbonyOrcishGauntlets",
			"300ArmorALTEbonyOrnateGauntlets",
			"300DLC2ArmorALTEbonySkaalGauntlets",
		],
		
		"LeveledListPrefix": "SublistEnchArmorGauntletsHeavy_",
		"LeveledListSuffix": "_03",
		
		"Enchantments": [
			{
				"EditorID": "EnchArmorFortifyAlchemy03",
				"Suffix": " of Major Alchemy"
			},
			{
				"EditorID": "EnchArmorFortifyMarksman03",
				"Suffix": " of Major Archery"
			},
			{
				"EditorID": "EnchArmorFortifyOneHanded03",
				"Suffix": " of Major Wielding"
			},
			{
				"EditorID": "EnchArmorFortifyTwoHanded03",
				"Suffix": " of Major Sure Grip"
			},
			{
				"EditorID": "EnchArmorFortifySmithing03",
				"Suffix": " of Major Smithing"
			}
		]
	}
}

