{
	"InputArmors": {
		"ArmorEditorIDs": [
			"300ArmorDaedricAltmerGauntlets",
			"300ArmorDaedricAncientGauntlets",
			"300ArmorDaedricBasicGauntlets",
			"300ArmorDaedricBladesGauntlets",
			"300ArmorDaedricDremoraGauntlets",
			"300ArmorDaedricDunmerGauntlets",
			"300ArmorDaedricDwemerGauntlets",
			"300ArmorDaedricImperialGauntlets",
			"300ArmorDaedricNordicGauntlets",
			"300ArmorDaedricNordicPlateGauntlets",
			"300ArmorDaedricOrcishGauntlets",
			"300ArmorDaedricOrnateGauntlets",
			"300DLC2ArmorDaedricSkaalGauntlets",
			"300ArmorALTDaedricAltmerGauntlets",
			"300ArmorALTDaedricAncientGauntlets",
			"300ArmorALTDaedricBasicGauntlets",
			"300ArmorALTDaedricBladesGauntlets",
			"300ArmorALTDaedricDremoraGauntlets",
			"300ArmorALTDaedricDunmerGauntlets",
			"300ArmorALTDaedricDwemerGauntlets",
			"300ArmorALTDaedricImperialGauntlets",
			"300ArmorALTDaedricNordicGauntlets",
			"300ArmorALTDaedricNordicPlateGauntlets",
			"300ArmorALTDaedricOrcishGauntlets",
			"300ArmorALTDaedricOrnateGauntlets",
			"300DLC2ArmorALTDaedricSkaalGauntlets",
		],
		
		"LeveledListPrefix": "SublistEnchArmorGauntletsHeavy_",
		"LeveledListSuffix": "_06",
		
		"Enchantments": [
			{
				"EditorID": "EnchArmorFortifyAlchemy06",
				"Suffix": " of Peerless Alchemy"
			},
			{
				"EditorID": "EnchArmorFortifyMarksman06",
				"Suffix": " of Peerless Archery"
			},
			{
				"EditorID": "EnchArmorFortifyOneHanded06",
				"Suffix": " of Peerless Wielding"
			},
			{
				"EditorID": "EnchArmorFortifyTwoHanded06",
				"Suffix": " of Peerless Sure Grip"
			},
			{
				"EditorID": "EnchArmorFortifySmithing06",
				"Suffix": " of Peerless Smithing"
			}
		]
	}
}

