{
	"InputArmors": {
		"ArmorEditorIDs": [
			"300ArmorDaedricHideBoots",
			"300ArmorDaedricHideBoots01",
			"300ArmorDaedricLeatherBoots",
			"300ArmorDaedricStuddedLeatherBoots",
			"300ArmorDaedricImperialLightBoots",
			"300ArmorDaedricStormCloakBearBoots",
			"300DLC1ArmorDaedricVampireBoots",
			"300ArmorALTDaedricHideBoots",
			"300ArmorALTDaedricHideBoots01",
			"300ArmorALTDaedricLeatherBoots",
			"300ArmorALTDaedricStuddedLeatherBoots",
			"300ArmorALTDaedricImperialLightBoots",
			"300ArmorALTDaedricStormCloakBearBoots",
			"300DLC1ArmorALTDaedricVampireBoots"
		],
		
		"LeveledListPrefix": "SublistEnchArmorBootsLight_",
		"LeveledListSuffix": "_06",
		
		"Enchantments": [
			{
				"EditorID": "EnchArmorFortifyStamina06",
				"Suffix": " of Peerless Stamina"
			},
			{
				"EditorID": "EnchArmorFortifyCarry06",
				"Suffix": " of the Mammoth"
			},
			{
				"EditorID": "EnchArmorResistFire06",
				"Suffix": " of Firewalker"
			},
			{
				"EditorID": "EnchArmorResistFrost06",
				"Suffix": " of Warmth"
			},
			{
				"EditorID": "EnchArmorResistShock06",
				"Suffix": " of Grounding"
			},
			{
				"EditorID": "EnchArmorFortifySneak06",
				"Suffix": " of Peerless Sneaking"
			}
		]
	}
}

