{
	"InputArmors": {
		"ArmorEditorIDs": [
			"300ArmorDaedricAltmerShield",
			"300ArmorDaedricOrnateShield",
			"300ArmorDaedricOrcishShield",
			"300ArmorDaedricNordicShield",
			"300ArmorDaedricImperialShield",
			"300ArmorDaedricImperialLightShield",
			"300ArmorDaedricHideShield",
			"300ArmorDaedricDunmerShield",
			"300ArmorDaedricDremoraShield",
			"300ArmorDaedricBladesShield",
			"300ArmorDaedricBasicShieldHeavy",
			"300ArmorDaedricBasicShield",
			"300ArmorDaedricDwemerShield",
			"300DLC2ArmorDaedricSkaalShield",
			"300ArmorALTDaedricAltmerShield",
			"300ArmorALTDaedricOrnateShield",
			"300ArmorALTDaedricOrcishShield",
			"300ArmorALTDaedricNordicShield",
			"300ArmorALTDaedricImperialShield",
			"300ArmorALTDaedricImperialLightShield",
			"300ArmorALTDaedricHideShield",
			"300ArmorALTDaedricDunmerShield",
			"300ArmorALTDaedricDremoraShield",
			"300ArmorALTDaedricBladesShield",
			"300ArmorALTDaedricBasicShieldHeavy",
			"300ArmorALTDaedricBasicShield",
			"300ArmorALTDaedricDwemerShield",
			"300DLC2ArmorALTDaedricSkaalShield",
		],
		
		"LeveledListPrefix": "SublistEnchArmorShield_",
		"LeveledListSuffix": "_06",
		
		"Enchantments": [
			{
				"EditorID": "EnchArmorResistFire06",
				"Suffix": " of Firewalker"
			},
			{
				"EditorID": "EnchArmorResistFrost06",
				"Suffix": " of Warmth"
			},
			{
				"EditorID": "EnchArmorResistShock06",
				"Suffix": " of Grounding"
			},
			{
				"EditorID": "EnchArmorFortifyBlock06",
				"Suffix": " of Peerless Blocking"
			},
			{
				"EditorID": "EnchArmorResistMagic06",
				"Suffix": " of Grounding"
			}
		]
	}
}

