{
	"InputArmors": {
		"ArmorEditorIDs": [
			"300ArmorIronHideBoots",
			"300ArmorIronHideBoots01",
			"300ArmorIronLeatherBoots",
			"300ArmorIronStuddedLeatherBoots",
			"300ArmorIronImperialLightBoots",
			"300ArmorIronStormCloakBearBoots",
			"300DLC1ArmorIronVampireBoots",
			
			
			"300ArmorSteelHideBoots",
			"300ArmorSteelHideBoots01",
			"300ArmorSteelLeatherBoots",
			"300ArmorSteelStuddedLeatherBoots",
			"300ArmorSteelImperialLightBoots",
			"300ArmorSteelStormCloakBearBoots",
			"300DLC1ArmorSteelVampireBoots"
		],
		
		"LeveledListPrefix": "SublistEnchArmorBootsLight_",
		"LeveledListSuffix": "_01",
		
		"Enchantments": [
			{
				"EditorID": "EnchArmorFortifyStamina01",
				"Suffix": " of Minor Stamina"
			},
			{
				"EditorID": "EnchArmorFortifyCarry01",
				"Suffix": " of Lifting"
			},
			{
				"EditorID": "EnchArmorResistFire01",
				"Suffix": " of Resist Fire"
			},
			{
				"EditorID": "EnchArmorResistFrost01",
				"Suffix": " of Resist Frost"
			},
			{
				"EditorID": "EnchArmorResistShock01",
				"Suffix": " of Resist Shock"
			},
			{
				"EditorID": "EnchArmorFortifySneak01",
				"Suffix": " of Minor Sneaking"
			}
		]
	}
}

