{
	"InputArmors": {
		"ArmorEditorIDs": [
			"300ArmorDwarvenAltmerCuirassLight",
			"300ArmorDwarvenAltmerCuirass",
			"300ArmorDwarvenBasicCuirass",
			"300ArmorDwarvenBasicCuirassPlate",
			"300ArmorDwarvenBladesCuirass",
			"300ArmorDwarvenDremoraCuirass",
			"300ArmorDwarvenDunmerCuirass",
			"300ArmorDwarvenDunmerMailCuirass",
			"300ArmorDwarvenDwemerCuirass",
			"300ArmorDwarvenImperialCuirass",
			"300ArmorDwarvenNordicCuirass",
			"300ArmorDwarvenNordicBCuirass",
			"300ArmorDwarvenNordicPlateCuirass",
			"300ArmorDwarvenOrcishCuirass",
			"300ArmorDwarvenOrnateCuirass",
			"300DLC2ArmorDwarvenSkaalCuirass",
			
			
			"300ArmorSilverAltmerCuirassLight",
			"300ArmorSilverAltmerCuirass",
			"300ArmorSilverBasicCuirass",
			"300ArmorSilverBasicCuirassPlate",
			"300ArmorSilverBladesCuirass",
			"300ArmorSilverDremoraCuirass",
			"300ArmorSilverDunmerCuirass",
			"300ArmorSilverDunmerMailCuirass",
			"300ArmorSilverDwemerCuirass",
			"300ArmorSilverImperialCuirass",
			"300ArmorSilverNordicCuirass",
			"300ArmorSilverNordicBCuirass",
			"300ArmorSilverNordicPlateCuirass",
			"300ArmorSilverOrcishCuirass",
			"300ArmorSilverOrnateCuirass",
			"300DLC2ArmorSilverSkaalCuirass",
			
			
			"300ArmorGlassAltmerCuirassLight",
			"300ArmorGlassAltmerCuirass",
			"300ArmorGlassBasicCuirass",
			"300ArmorGlassBasicCuirassPlate",
			"300ArmorGlassBladesCuirass",
			"300ArmorGlassDremoraCuirass",
			"300ArmorGlassDunmerCuirass",
			"300ArmorGlassDunmerMailCuirass",
			"300ArmorGlassDwemerCuirass",
			"300ArmorGlassImperialCuirass",
			"300ArmorGlassNordicCuirass",
			"300ArmorGlassNordicBCuirass",
			"300ArmorGlassNordicPlateCuirass",
			"300ArmorGlassOrcishCuirass",
			"300ArmorGlassOrnateCuirass",
			"300DLC2ArmorGlassSkaalCuirass",
			
			
			"300ArmorEbonyAltmerCuirassLight",
			"300ArmorEbonyAltmerCuirass",
			"300ArmorEbonyBasicCuirass",
			"300ArmorEbonyBasicCuirassPlate",
			"300ArmorEbonyBladesCuirass",
			"300ArmorEbonyDremoraCuirass",
			"300ArmorEbonyDunmerCuirass",
			"300ArmorEbonyDunmerMailCuirass",
			"300ArmorEbonyDwemerCuirass",
			"300ArmorEbonyImperialCuirass",
			"300ArmorEbonyNordicCuirass",
			"300ArmorEbonyNordicBCuirass",
			"300ArmorEbonyNordicPlateCuirass",
			"300ArmorEbonyOrcishCuirass",
			"300ArmorEbonyOrnateCuirass",
			"300DLC2ArmorEbonySkaalCuirass",
			"300ArmorALTEbonyAltmerCuirassLight",
			"300ArmorALTEbonyAltmerCuirass",
			"300ArmorALTEbonyBasicCuirass",
			"300ArmorALTEbonyBasicCuirassPlate",
			"300ArmorALTEbonyBladesCuirass",
			"300ArmorALTEbonyDremoraCuirass",
			"300ArmorALTEbonyDunmerCuirass",
			"300ArmorALTEbonyDunmerMailCuirass",
			"300ArmorALTEbonyDwemerCuirass",
			"300ArmorALTEbonyImperialCuirass",
			"300ArmorALTEbonyNordicCuirass",
			"300ArmorALTEbonyNordicBCuirass",
			"300ArmorALTEbonyNordicPlateCuirass",
			"300ArmorALTEbonyOrcishCuirass",
			"300ArmorALTEbonyOrnateCuirass",
			"300DLC2ArmorALTEbonySkaalCuirass",
			
			
			"300ArmorDaedricAltmerCuirassLight",
			"300ArmorDaedricAltmerCuirass",
			"300ArmorDaedricBasicCuirass",
			"300ArmorDaedricBasicCuirassPlate",
			"300ArmorDaedricBladesCuirass",
			"300ArmorDaedricDremoraCuirass",
			"300ArmorDaedricDunmerCuirass",
			"300ArmorDaedricDunmerMailCuirass",
			"300ArmorDaedricDwemerCuirass",
			"300ArmorDaedricImperialCuirass",
			"300ArmorDaedricNordicCuirass",
			"300ArmorDaedricNordicBCuirass",
			"300ArmorDaedricNordicPlateCuirass",
			"300ArmorDaedricOrcishCuirass",
			"300ArmorDaedricOrnateCuirass",
			"300DLC2ArmorDaedricSkaalCuirass",
			"300ArmorALTDaedricAltmerCuirassLight",
			"300ArmorALTDaedricAltmerCuirass",
			"300ArmorALTDaedricBasicCuirass",
			"300ArmorALTDaedricBasicCuirassPlate",
			"300ArmorALTDaedricBladesCuirass",
			"300ArmorALTDaedricDremoraCuirass",
			"300ArmorALTDaedricDunmerCuirass",
			"300ArmorALTDaedricDunmerMailCuirass",
			"300ArmorALTDaedricDwemerCuirass",
			"300ArmorALTDaedricImperialCuirass",
			"300ArmorALTDaedricNordicCuirass",
			"300ArmorALTDaedricNordicBCuirass",
			"300ArmorALTDaedricNordicPlateCuirass",
			"300ArmorALTDaedricOrcishCuirass",
			"300ArmorALTDaedricOrnateCuirass",
			"300DLC2ArmorALTDaedricSkaalCuirass",
		],
		
		"LeveledListPrefix": "SublistEnchArmorCuirassHeavy_",
		"LeveledListSuffix": "_05",
		
		"Enchantments": [
			{
				"EditorID": "EnchArmorFortifyAlteration05",
				"Suffix": " of Extreme Alteration"
			},
			{
				"EditorID": "EnchArmorFortifyConjuration05",
				"Suffix": " of Extreme Conjuration"
			},
			{
				"EditorID": "EnchArmorFortifyDestruction05",
				"Suffix": " of Extreme Destruction"
			},
			{
				"EditorID": "EnchArmorFortifyIllusion05",
				"Suffix": " of Extreme Illusion"
			},
			{
				"EditorID": "EnchArmorFortifyRestoration05",
				"Suffix": " of Extreme Restoration"
			},
			{
				"EditorID": "EnchArmorFortifyMagicka05",
				"Suffix": " of Extreme Magicka"
			},
			{
				"EditorID": "EnchArmorFortifyStamina05",
				"Suffix": " of Extreme Stamina"
			},
			{
				"EditorID": "EnchArmorFortifyHealth05",
				"Suffix": " of Extreme Health"
			},
			{
				"EditorID": "EnchArmorFortifyHeavyArmor05",
				"Suffix": " of the Noble Knight"
			}
		]
	}
}

