{
	"InputArmors": {
		"ArmorEditorIDs": [
			"300ArmorIronHideBoots",
			"300ArmorIronHideBoots01",
			"300ArmorIronLeatherBoots",
			"300ArmorIronStuddedLeatherBoots",
			"300ArmorIronImperialLightBoots",
			"300ArmorIronStormCloakBearBoots",
			"300DLC1ArmorIronVampireBoots",
			
			
			"300ArmorSteelHideBoots",
			"300ArmorSteelHideBoots01",
			"300ArmorSteelLeatherBoots",
			"300ArmorSteelStuddedLeatherBoots",
			"300ArmorSteelImperialLightBoots",
			"300ArmorSteelStormCloakBearBoots",
			"300DLC1ArmorSteelVampireBoots",
			
			
			"300ArmorOrichalcumHideBoots",
			"300ArmorOrichalcumHideBoots01",
			"300ArmorOrichalcumLeatherBoots",
			"300ArmorOrichalcumStuddedLeatherBoots",
			"300ArmorOrichalcumImperialLightBoots",
			"300ArmorOrichalcumStormCloakBearBoots",
			"300DLC1ArmorOrichalcumVampireBoots",
			
			
			"300ArmorMoonstoneHideBoots",
			"300ArmorMoonstoneHideBoots01",
			"300ArmorMoonstoneLeatherBoots",
			"300ArmorMoonstoneStuddedLeatherBoots",
			"300ArmorMoonstoneImperialLightBoots",
			"300ArmorMoonstoneStormCloakBearBoots",
			"300DLC1ArmorMoonstoneVampireBoots",
			"300ArmorCSWAPMoonstoneAltmerBoots",
			"300ArmorCSWAPMoonstoneAncientBoots",
			"300ArmorCSWAPMoonstoneBasicBoots",
			"300ArmorCSWAPMoonstoneBladesBoots",
			"300ArmorCSWAPMoonstoneDunmerBoots",
			"300ArmorCSWAPMoonstoneDremoraBoots",
			"300ArmorCSWAPMoonstoneDwemerBoots",
			"300ArmorCSWAPMoonstoneImperialBoots",
			"300ArmorCSWAPMoonstoneNordicBoots",
			"300ArmorCSWAPMoonstoneNordicPlateBoots",
			"300ArmorCSWAPMoonstoneOrcishBoots",
			"300ArmorCSWAPMoonstoneOrnateBoots",
			"300DLC2ArmorCSWAPMoonstoneSkaalBoots"
		],
		
		"LeveledListPrefix": "SublistEnchArmorBootsLight_",
		"LeveledListSuffix": "_02",
		
		"Enchantments": [
			{
				"EditorID": "EnchArmorFortifyStamina02",
				"Suffix": " of Stamina"
			},
			{
				"EditorID": "EnchArmorFortifyCarry02",
				"Suffix": " of Hauling"
			},
			{
				"EditorID": "EnchArmorResistFire02",
				"Suffix": " of Waning Fire"
			},
			{
				"EditorID": "EnchArmorResistFrost02",
				"Suffix": " of Waning Frost"
			},
			{
				"EditorID": "EnchArmorResistShock02",
				"Suffix": " of Waning Shock"
			},
			{
				"EditorID": "EnchArmorFortifySneak02",
				"Suffix": " of Sneaking"
			}
		]
	}
}

