{
	"InputArmors": {
		"ArmorEditorIDs": [
			"300ArmorIronAltmerCuirassLight",
			"300ArmorIronAltmerCuirass",
			"300ArmorIronBasicCuirass",
			"300ArmorIronBasicCuirassPlate",
			"300ArmorIronBladesCuirass",
			"300ArmorIronDremoraCuirass",
			"300ArmorIronDunmerCuirass",
			"300ArmorIronDunmerMailCuirass",
			"300ArmorIronDwemerCuirass",
			"300ArmorIronImperialCuirass",
			"300ArmorIronNordicCuirass",
			"300ArmorIronNordicBCuirass",
			"300ArmorIronNordicPlateCuirass",
			"300ArmorIronOrcishCuirass",
			"300ArmorIronOrnateCuirass",
			"300DLC2ArmorIronSkaalCuirass",
			
			
			"300ArmorSteelAltmerCuirassLight",
			"300ArmorSteelAltmerCuirass",
			"300ArmorSteelBasicCuirass",
			"300ArmorSteelBasicCuirassPlate",
			"300ArmorSteelBladesCuirass",
			"300ArmorSteelDremoraCuirass",
			"300ArmorSteelDunmerCuirass",
			"300ArmorSteelDunmerMailCuirass",
			"300ArmorSteelDwemerCuirass",
			"300ArmorSteelImperialCuirass",
			"300ArmorSteelNordicCuirass",
			"300ArmorSteelNordicBCuirass",
			"300ArmorSteelNordicPlateCuirass",
			"300ArmorSteelOrcishCuirass",
			"300ArmorSteelOrnateCuirass",
			"300DLC2ArmorSteelSkaalCuirass",
		],
		
		"LeveledListPrefix": "SublistEnchArmorCuirassHeavy_",
		"LeveledListSuffix": "_01",
		
		"Enchantments": [
			{
				"EditorID": "EnchArmorFortifyAlteration01",
				"Suffix": " of Minor Alteration"
			},
			{
				"EditorID": "EnchArmorFortifyConjuration01",
				"Suffix": " of Minor Conjuration"
			},
			{
				"EditorID": "EnchArmorFortifyDestruction01",
				"Suffix": " of Minor Destruction"
			},
			{
				"EditorID": "EnchArmorFortifyIllusion01",
				"Suffix": " of Minor Illusion"
			},
			{
				"EditorID": "EnchArmorFortifyRestoration01",
				"Suffix": " of Minor Restoration"
			},
			{
				"EditorID": "EnchArmorFortifyMagicka01",
				"Suffix": " of Minor Magicka"
			},
			{
				"EditorID": "EnchArmorFortifyStamina01",
				"Suffix": " of Minor Stamina"
			},
			{
				"EditorID": "EnchArmorFortifyHealth01",
				"Suffix": " of Minor Health"
			},
			{
				"EditorID": "EnchArmorFortifyHeavyArmor01",
				"Suffix": " of the Minor Knight"
			}
		]
	}
}

