{
	"InputArmors": {
		"ArmorEditorIDs": [
			"300ArmorIronHideGauntlets",
			"300ArmorIronHideGauntlets01",
			"300ArmorIronImperialLightGauntlets",
			"300ArmorIronLeatherGauntlets",
			"300ArmorIronStuddedLeatherGauntlets",
			"300ArmorIronStormCloakBearGauntlets",
			"300DLC1ArmorIronVampireGauntlets",
			
			
			"300ArmorSteelHideGauntlets",
			"300ArmorSteelHideGauntlets01",
			"300ArmorSteelImperialLightGauntlets",
			"300ArmorSteelLeatherGauntlets",
			"300ArmorSteelStuddedLeatherGauntlets",
			"300ArmorSteelStormCloakBearGauntlets",
			"300DLC1ArmorSteelVampireGauntlets",
			
			
			"300ArmorOrichalcumHideGauntlets",
			"300ArmorOrichalcumHideGauntlets01",
			"300ArmorOrichalcumImperialLightGauntlets",
			"300ArmorOrichalcumLeatherGauntlets",
			"300ArmorOrichalcumStuddedLeatherGauntlets",
			"300ArmorOrichalcumStormCloakBearGauntlets",
			"300DLC1ArmorOrichalcumVampireGauntlets",
			
			
			"300ArmorMoonstoneHideGauntlets",
			"300ArmorMoonstoneHideGauntlets01",
			"300ArmorMoonstoneImperialLightGauntlets",
			"300ArmorMoonstoneLeatherGauntlets",
			"300ArmorMoonstoneStuddedLeatherGauntlets",
			"300ArmorMoonstoneStormCloakBearGauntlets",
			"300DLC1ArmorMoonstoneVampireGauntlets",
			"300ArmorCSWAPMoonstoneAltmerGauntlets",
			"300ArmorCSWAPMoonstoneAncientGauntlets",
			"300ArmorCSWAPMoonstoneBasicGauntlets",
			"300ArmorCSWAPMoonstoneBladesGauntlets",
			"300ArmorCSWAPMoonstoneDremoraGauntlets",
			"300ArmorCSWAPMoonstoneDunmerGauntlets",
			"300ArmorCSWAPMoonstoneDwemerGauntlets",
			"300ArmorCSWAPMoonstoneImperialGauntlets",
			"300ArmorCSWAPMoonstoneNordicGauntlets",
			"300ArmorCSWAPMoonstoneNordicPlateGauntlets",
			"300ArmorCSWAPMoonstoneOrcishGauntlets",
			"300ArmorCSWAPMoonstoneOrnateGauntlets",
			"300DLC2ArmorCSWAPMoonstoneSkaalGauntlets",
		],
		
		"LeveledListPrefix": "SublistEnchArmorGauntletsLight_",
		"LeveledListSuffix": "_02",
		
		"Enchantments": [
			{
				"EditorID": "EnchArmorFortifyAlchemy02",
				"Suffix": " of Alchemy"
			},
			{
				"EditorID": "EnchArmorFortifyMarksman02",
				"Suffix": " of Archery"
			},
			{
				"EditorID": "EnchArmorFortifyOneHanded02",
				"Suffix": " of Wielding"
			},
			{
				"EditorID": "EnchArmorFortifyTwoHanded02",
				"Suffix": " of Sure Grip"
			},
			{
				"EditorID": "EnchArmorFortifySmithing02",
				"Suffix": " of Smithing"
			},
			{
				"EditorID": "EnchArmorFortifyPickpocket02",
				"Suffix": " of Deft Hands"
			},
			{
				"EditorID": "EnchArmorFortifyLockpicking02",
				"Suffix": " of Lockpicking"
			}
		]
	}
}

