{
	"InputWeapons": {
		"WeaponEditorIDs": [
			"300DaedricBasicSword",
			"300DaedricNordicSword",
			"300DaedricDwemerSword",
			"300DaedricImperialSword",
			"300DaedricOrcishSword",
			"300DaedricAltmerSword",
			"300DaedricRedguardSword",
			"300DaedricOrnateSword",
			"300DaedricDunmerSword",
			"300DaedricDremoraSword",
			"300DaedricBretonSword",
			"300DaedricAncientSword",
			"300DaedricAkaviriSword",
			"300DLC2DaedricSkaalSword",
			
			"300DaedricBasicMace",
			"300DaedricNordicMace",
			"300DaedricDwemerMace",
			"300DaedricImperialMace",
			"300DaedricOrcishMace",
			"300DaedricAltmerMace",
			"300DaedricOrnateMace",
			"300DaedricDunmerMace",
			"300DaedricDremoraMace",
			"300DaedricBretonMace",
			"300DaedricAncientMace",
			"300DLC2DaedricSkaalMace",
			
			"300DaedricBasicBattleaxe",
			"300DaedricNordicBattleaxe",
			"300DaedricDwemerBattleaxe",
			"300DaedricOrcishBattleaxe",
			"300DaedricAltmerBattleaxe",
			"300DaedricRedguardBattleaxe",
			"300DaedricOrnateBattleaxe",
			"300DaedricDunmerBattleaxe",
			"300DaedricDremoraBattleaxe",
			"300DaedricAncientBattleaxe",
			"300DLC2DaedricSkaalBattleaxe",
			
			"300DaedricBasicDagger",
			"300DaedricNordicDagger",
			"300DaedricDwemerDagger",
			"300DaedricImperialDagger",
			"300DaedricOrcishDagger",
			"300DaedricAltmerDagger",
			"300DaedricOrnateDagger",
			"300DaedricDunmerDagger",
			"300DaedricDremoraDagger",
			"300DaedricBretonDagger",
			"300DaedricAncientDagger",
			"300DaedricAkaviriDagger",
			"300DLC2DaedricSkaalDagger",
			
			"300DaedricBasicGreatsword",
			"300DaedricNordicGreatsword",
			"300DaedricDwemerGreatsword",
			"300DaedricImperialGreatsword",
			"300DaedricOrcishGreatsword",
			"300DaedricAltmerGreatsword",
			"300DaedricRedguardGreatsword",
			"300DaedricOrnateGreatsword",
			"300DaedricDunmerGreatsword",
			"300DaedricDremoraGreatsword",
			"300DaedricBretonGreatsword",
			"300DaedricAncientGreatsword",
			"300DaedricAkaviriGreatsword",
			"300DLC2DaedricSkaalGreatsword",
			
			"300DaedricBasicWarhammer",
			"300DaedricNordicWarhammer",
			"300DaedricDwemerWarhammer",
			"300DaedricImperialWarhammer",
			"300DaedricOrcishWarhammer",
			"300DaedricAltmerWarhammer",
			"300DaedricOrnateWarhammer",
			"300DaedricDunmerWarhammer",
			"300DaedricDremoraWarhammer",
			"300DaedricBretonWarhammer",
			"300DLC2DaedricSkaalWarhammer",
			
			"300DaedricBasicGreataxe",
			"300DaedricNordicGreataxe",
			"300DaedricDwemerGreataxe",
			"300DaedricOrcishGreataxe",
			"300DaedricAltmerGreataxe",
			"300DaedricOrnateGreataxe",
			"300DaedricDunmerGreataxe",
			"300DaedricDremoraGreataxe",
			"300DaedricAncientGreataxe",
			"300DLC2DaedricSkaalGreataxe",
			
			"300DaedricBasicBow",
			"300DaedricAltmerBow",
			"300DaedricNordicBow",
			"300DaedricDwemerBow",
			"300DaedricOrcishBow",
			"300DaedricOrnateBow",
			"300DaedricDunmerBow",
			"300DaedricDremoraBow",
			"300DaedricAncientBow",
			"300DaedricImperialBow",
			"300DLC2DaedricSkaalBow",
			
			"300DLC1DaedricDwarvenCrossBow",
			"300DLC1DaedricDwarvenCrossBowHeavy",
			"300DLC1DaedricCrossBow",
			"300DLC1DaedricCrossBowHeavy",
		],
		
		"LeveledListPrefix": "SublistEnchWeapon_",
		"LeveledListSuffix": "_06",
		
		"Enchantments": [
			{
				"EditorID": "EnchWeaponFrostDamage06",
				"Suffix": " of Winter",
				"EnchantmentAmount": 3000,
			},
			{
				"EditorID": "EnchWeaponFireDamage06",
				"Suffix": " of Inferno",
				"EnchantmentAmount": 3000
			},
			{
				"EditorID": "EnchWeaponShockDamage06",
				"Suffix": " of Storms",
				"EnchantmentAmount": 3000
			},
			{
				"EditorID": "EnchWeaponStaminaDamage06",
				"Suffix": " of Exhaustion",
				"EnchantmentAmount": 3000
			},
			{
				"EditorID": "EnchWeaponMagickaDamage06",
				"Suffix": " of Nullifying",
				"EnchantmentAmount": 3000
			},
			{
				"EditorID": "EnchWeaponAbsorbHealth06",
				"Suffix": " of The Vampire",
				"EnchantmentAmount": 3000
			},
			{
				"EditorID": "EnchWeaponAbsorbMagicka06",
				"Suffix": " of The Sorceror",
				"EnchantmentAmount": 3000
			},
			{
				"EditorID": "EnchWeaponAbsorbStamina06",
				"Suffix": " of Subsuming",
				"EnchantmentAmount": 3000
			},
			{
				"EditorID": "DLC2EnchWeaponChaosDamage06",
				"Suffix": " of Ultimate Chaos",
				"EnchantmentAmount": 3000
			},
			{
				"EditorID": "EnchWeaponSoulTrap06",
				"Suffix": " of Damnation",
				"EnchantmentAmount": 3000
			},
			{
				"EditorID": "EnchWeaponFear06",
				"Suffix": " of Terror",
				"EnchantmentAmount": 3000
			},
			{
				"EditorID": "EnchWeaponTurnUndead06",
				"Prefix": "Holy ",
				"EnchantmentAmount": 3000
			},
			{
				"EditorID": "EnchWeaponBanish06",
				"Suffix": " of Annihilating",
				"EnchantmentAmount": 3000
			},
			{
				"EditorID": "EnchWeaponParalysis06",
				"Suffix": " of Petrifying",
				"EnchantmentAmount": 3000
			}
		]
	}
}

