{
	"InputWeapons": {
		"WeaponEditorIDs": [
			"ForswornAxe",
			"ForswornSword",
			"ForswornBow"
		],
		
		"LeveledListPrefix": "SublistEnch",
		"LeveledListSuffix": "01",
		
		"Enchantments": [
			{
				"EditorID": "EnchWeaponFrostDamage01",
				"Suffix": " of Chills",
				"EnchantmentAmount": 500
			},
			{
				"EditorID": "EnchWeaponFireDamage01",
				"Suffix": " of Embers",
				"EnchantmentAmount": 500
			},
			{
				"EditorID": "EnchWeaponShockDamage01",
				"Suffix": " of Sparks",
				"EnchantmentAmount": 500
			},
			{
				"EditorID": "EnchWeaponStaminaDamage01",
				"Suffix": " of Fatigue",
				"EnchantmentAmount": 500
			},
			{
				"EditorID": "EnchWeaponMagickaDamage01",
				"Suffix": " of Sapping",
				"EnchantmentAmount": 500
			}
		]
	}
}

