{
	"InputWeapons": {
		"WeaponEditorIDs": [
			"ForswornAxe",
			"ForswornSword",
			"ForswornBow"
		],
		
		"LeveledListPrefix": "SublistEnch",
		"LeveledListSuffix": "06",
		
		"Enchantments": [
			{
				"EditorID": "EnchWeaponFrostDamage06",
				"Suffix": " of Winter",
				"EnchantmentAmount": 3000
			},
			{
				"EditorID": "EnchWeaponFireDamage06",
				"Suffix": " of Inferno",
				"EnchantmentAmount": 3000
			},
			{
				"EditorID": "EnchWeaponShockDamage06",
				"Suffix": " of Storms",
				"EnchantmentAmount": 3000
			},
			{
				"EditorID": "EnchWeaponStaminaDamage06",
				"Suffix": " of Exhaustion",
				"EnchantmentAmount": 3000
			},
			{
				"EditorID": "EnchWeaponMagickaDamage06",
				"Suffix": " of Nullifying",
				"EnchantmentAmount": 3000
			},
			{
				"EditorID": "EnchWeaponAbsorbHealth06",
				"Suffix": " of The Vampire",
				"EnchantmentAmount": 3000
			},
			{
				"EditorID": "EnchWeaponAbsorbMagicka06",
				"Suffix": " of The Sorceror",
				"EnchantmentAmount": 3000
			},
			{
				"EditorID": "EnchWeaponAbsorbStamina06",
				"Suffix": " of Subsuming",
				"EnchantmentAmount": 3000
			},
			{
				"EditorID": "DLC2EnchWeaponChaosDamage06",
				"Suffix": " of Ultimate Chaos",
				"EnchantmentAmount": 3000
			}
		]
	}
}

