{
	"InputWeapons": {
		"WeaponEditorIDs": [
			"ForswornAxe",
			"ForswornSword",
			"ForswornBow"
		],
		
		"LeveledListPrefix": "SublistEnch",
		"LeveledListSuffix": "04",
		
		"Enchantments": [
			{
				"EditorID": "EnchWeaponFrostDamage04",
				"Suffix": " of Freezing",
				"EnchantmentAmount": 2000
			},
			{
				"EditorID": "EnchWeaponFireDamage04",
				"Suffix": " of Fire",
				"EnchantmentAmount": 2000
			},
			{
				"EditorID": "EnchWeaponShockDamage04",
				"Suffix": " of Thunderbolts",
				"EnchantmentAmount": 2000
			},
			{
				"EditorID": "EnchWeaponStaminaDamage04",
				"Suffix": " of Debilitation",
				"EnchantmentAmount": 2000
			},
			{
				"EditorID": "EnchWeaponMagickaDamage04",
				"Suffix": " of Depleting",
				"EnchantmentAmount": 2000
			},
			{
				"EditorID": "EnchWeaponAbsorbHealth04",
				"Suffix": " of Devouring",
				"EnchantmentAmount": 2000
			},
			{
				"EditorID": "EnchWeaponAbsorbMagicka04",
				"Suffix": " of Winnowing",
				"EnchantmentAmount": 2000
			},
			{
				"EditorID": "EnchWeaponAbsorbStamina04",
				"Suffix": " of Harvesting",
				"EnchantmentAmount": 2000
			},
			{
				"EditorID": "DLC2EnchWeaponChaosDamage04",
				"Suffix": " of High Chaos",
				"EnchantmentAmount": 2000
			}
		]
	}
}

