{
	"InputWeapons": {
		"WeaponEditorIDs": [
			"ForswornAxe",
			"ForswornSword",
			"ForswornBow"
		],
		
		"LeveledListPrefix": "SublistEnch",
		"LeveledListSuffix": "05",
		
		"Enchantments": [
			{
				"EditorID": "EnchWeaponFrostDamage05",
				"Suffix": " of Blizzards",
				"EnchantmentAmount": 2500
			},
			{
				"EditorID": "EnchWeaponFireDamage05",
				"Suffix": " of Blaze",
				"EnchantmentAmount": 2500
			},
			{
				"EditorID": "EnchWeaponShockDamage05",
				"Suffix": " of Lightning",
				"EnchantmentAmount": 2500
			},
			{
				"EditorID": "EnchWeaponStaminaDamage05",
				"Suffix": " of Lethargy",
				"EnchantmentAmount": 2500
			},
			{
				"EditorID": "EnchWeaponMagickaDamage05",
				"Suffix": " of Enervating",
				"EnchantmentAmount": 2500
			},
			{
				"EditorID": "EnchWeaponAbsorbHealth05",
				"Suffix": " of Leeching",
				"EnchantmentAmount": 2500
			},
			{
				"EditorID": "EnchWeaponAbsorbMagicka05",
				"Suffix": " of Evoking",
				"EnchantmentAmount": 2500
			},
			{
				"EditorID": "EnchWeaponAbsorbStamina05",
				"Suffix": " of Garnering",
				"EnchantmentAmount": 2500
			},
			{
				"EditorID": "DLC2EnchWeaponChaosDamage05",
				"Suffix": " of Extreme Chaos",
				"EnchantmentAmount": 2500
			}
		]
	}
}

