{
	"InputWeapons": {
		"WeaponEditorIDs": [
			"ForswornAxe",
			"ForswornSword",
			"ForswornBow"
		],
		
		"LeveledListPrefix": "SublistEnch",
		"LeveledListSuffix": "03",
		
		"Enchantments": [
			{
				"EditorID": "EnchWeaponFrostDamage03",
				"Suffix": " of Ice",
				"EnchantmentAmount": 1500
			},
			{
				"EditorID": "EnchWeaponFireDamage03",
				"Suffix": " of Scorching",
				"EnchantmentAmount": 1500
			},
			{
				"EditorID": "EnchWeaponShockDamage03",
				"Suffix": " of Shocks",
				"EnchantmentAmount": 1500
			},
			{
				"EditorID": "EnchWeaponStaminaDamage03",
				"Suffix": " of Torpor",
				"EnchantmentAmount": 1500
			},
			{
				"EditorID": "EnchWeaponMagickaDamage03",
				"Suffix": " of Diminishing",
				"EnchantmentAmount": 1500
			},
			{
				"EditorID": "EnchWeaponAbsorbHealth03",
				"Suffix": " of Consuming",
				"EnchantmentAmount": 1500
			},
			{
				"EditorID": "EnchWeaponAbsorbMagicka03",
				"Suffix": " of Harrowing",
				"EnchantmentAmount": 1500
			},
			{
				"EditorID": "EnchWeaponAbsorbStamina03",
				"Suffix": " of Reaping",
				"EnchantmentAmount": 1500
			},
			{
				"EditorID": "DLC2EnchWeaponChaosDamage03",
				"Suffix": " of Chaos",
				"EnchantmentAmount": 1500
			}
		]
	}
}