{
	"InputWeapons": {
		"WeaponEditorIDs": [
			"ForswornAxe",
			"ForswornSword",
			"ForswornBow"
		],
		
		"LeveledListPrefix": "SublistEnch",
		"LeveledListSuffix": "02",
		
		"Enchantments": [
			{
				"EditorID": "EnchWeaponFrostDamage02",
				"Suffix": " of Frost",
				"EnchantmentAmount": 1000
			},
			{
				"EditorID": "EnchWeaponFireDamage02",
				"Suffix": " of Burning",
				"EnchantmentAmount": 1000
			},
			{
				"EditorID": "EnchWeaponShockDamage02",
				"Suffix": " of Arcing",
				"EnchantmentAmount": 1000
			},
			{
				"EditorID": "EnchWeaponStaminaDamage02",
				"Suffix": " of Weariness",
				"EnchantmentAmount": 1000
			},
			{
				"EditorID": "EnchWeaponMagickaDamage02",
				"Suffix": " of Draining",
				"EnchantmentAmount": 1000
			},
			{
				"EditorID": "EnchWeaponAbsorbHealth02",
				"Suffix": " of Absorbtion",
				"EnchantmentAmount": 1000
			},
			{
				"EditorID": "EnchWeaponAbsorbMagicka02",
				"Suffix": " of Siphoning",
				"EnchantmentAmount": 1000
			},
			{
				"EditorID": "EnchWeaponAbsorbStamina02",
				"Suffix": " of Gleaning",
				"EnchantmentAmount": 1000
			}
		]
	}
}

